/*-
 * ============LICENSE_START=======================================================
 * Base Package
 * ================================================================================
 * Copyright (C) 2017 AT&T Intellectual Property. All rights reserved.
 * ================================================================================
 * Licensed under the Apache License, Version 2.0 (the "License");
 * you may not use this file except in compliance with the License.
 * You may obtain a copy of the License at
 * 
 *      http://www.apache.org/licenses/LICENSE-2.0
 * 
 * Unless required by applicable law or agreed to in writing, software
 * distributed under the License is distributed on an "AS IS" BASIS,
 * WITHOUT WARRANTIES OR CONDITIONS OF ANY KIND, either express or implied.
 * See the License for the specific language governing permissions and
 * limitations under the License.
 * ============LICENSE_END=========================================================
 */

use xacml;

DROP TABLE IF EXISTS XACML.SYSTEMLOGDB;
DROP TABLE IF EXISTS XACML.SEQUENCE;
DROP TABLE IF EXISTS XACML.RULEALGORITHMS;
DROP TABLE IF EXISTS XACML.ROLES;
DROP TABLE IF EXISTS XACML.POLICYALGORITHMS;
DROP TABLE IF EXISTS XACML.POLICY_MANANGEMENT;
DROP TABLE IF EXISTS XACML.PIPRESOLVERPARAMS;
DROP TABLE IF EXISTS XACML.PIPRESOLVER;
DROP TABLE IF EXISTS XACML.PIPCONFIGPARAMS;
DROP TABLE IF EXISTS XACML.PIPCONFIGURATION;
DROP TABLE IF EXISTS XACML.PIPTYPE;
DROP TABLE IF EXISTS XACML.OBADVICEEXPRESSIONS;
DROP TABLE IF EXISTS XACML.GLOBALROLESETTINGS;
DROP TABLE IF EXISTS XACML.FUNCTIONARGUMENTS;
DROP TABLE IF EXISTS XACML.FUNCTIONDEFINITION;
DROP TABLE IF EXISTS XACML.ECOMPNAME;
DROP TABLE IF EXISTS XACML.DECISIONSETTINGS;
DROP TABLE IF EXISTS XACML.ATTRIBUTEASSIGNMENT;
DROP TABLE IF EXISTS XACML.CONSTRAINTVALUES;
DROP TABLE IF EXISTS XACML.ATTRIBUTE;
DROP TABLE IF EXISTS XACML.OBADVICE;
DROP TABLE IF EXISTS XACML.CONSTRAINTTYPE;
DROP TABLE IF EXISTS XACML.CATEGORY;
DROP TABLE IF EXISTS XACML.DATATYPE;
DROP TABLE IF EXISTS XACML.ACTIONPOLICYDICT;
DROP TABLE IF EXISTS XACML.SERVICEGROUP; 
DROP TABLE IF EXISTS XACML.SECURITYZONE; 
DROP TABLE IF EXISTS XACML.VSCLACTION; 
DROP TABLE IF EXISTS XACML.VNFTYPE; 
DROP TABLE IF EXISTS XACML.POLICYENTITY;
DROP TABLE IF EXISTS XACML.CONFIGURATIONDATAENTITY;
DROP TABLE IF EXISTS XACML.PolicyDBDaoEntity;

DROP TABLE IF EXISTS XACML.POLICYSCORE;
DROP TABLE IF EXISTS XACML.ACTIONLIST;
DROP TABLE IF EXISTS XACML.PROTOCOLLIST;
DROP TABLE IF EXISTS XACML.TERM;
DROP TABLE IF EXISTS XACML.PREFIXLIST;
DROP TABLE IF EXISTS XACML.SCOPE; 
DROP TABLE IF EXISTS XACML.GROUPSERVICELIST;
DROP TABLE IF EXISTS XACML.ENFORCINGTYPE;
DROP TABLE IF EXISTS XACML.PORTLIST;
DROP TABLE IF EXISTS XACML.ADDRESSGROUP;

-- DROP SEQUENCE IF EXISTS XACML.SEQCONFIG;
-- DROP SEQUENCE IF EXISTS XACML.SEQPOLICY;
DROP TABLE IF EXISTS LOG.SEQUENCE; 
DROP TABLE IF EXISTS LOG.SYSTEMLOGDB; 

DROP VIEW IF EXISTS xacml.match_functions;
DROP VIEW IF EXISTS xacml.function_flattener;
DROP VIEW IF EXISTS xacml.higherorder_bag_functions;

DROP TABLE IF EXISTS XACML.GroupServiceList;

CREATE TABLE XACML.GroupServiceList
(
id INTEGER NOT NULL,
name varchar(32),
serviceList varchar(255),
PRIMARY KEY (id)
)
;
CREATE INDEX IDX_GROUPSERVICELIST ON XACML.GROUPSERVICELIst(ID);

DROP TABLE IF EXISTS XACML.PolicyAlgorithms;

CREATE TABLE XACML.PolicyAlgorithms
(
id INTEGER NOT NULL,
 is_standard CHAR NOT NULL,
 short_name VARCHAR(64) NOT NULL,
 xacml_id VARCHAR(255) NOT NULL,
 PRIMARY KEY (id)
) 
;

DROP TABLE IF EXISTS XACML.AttributeAssignment;

CREATE TABLE XACML.AttributeAssignment
(
id INTEGER NOT NULL,
 attribute_id INTEGER,
 expression VARCHAR(5000) NOT NULL,
 OBADVICE_id INTEGER,
 PRIMARY KEY (id)
) 
;

DROP TABLE IF EXISTS XACML.roles;
CREATE TABLE XACML.roles
(
id INTEGER NOT NULL,
 attuid VARCHAR(45) NOT NULL,
 role VARCHAR(45) NOT NULL,
 scope VARCHAR(45),
 PRIMARY KEY (id)
) 
;

DROP TABLE IF EXISTS XACML.POLICYSCORE;
CREATE TABLE XACML.POLICYSCORE
(
POLICY_NAME VARCHAR(200) NOT NULL,
 POLICY_SCORE VARCHAR(100),
 PRIMARY KEY (POLICY_NAME)
) 
;

DROP TABLE IF EXISTS XACML.GlobalRoleSettings;
CREATE TABLE XACML.GlobalRoleSettings
(
role VARCHAR(45) NOT NULL,
 lockdown BOOLEAN,
 PRIMARY KEY (role)
)
;

DROP TABLE IF EXISTS XACML.PIPResolverParams;
CREATE TABLE XACML.PIPResolverParams
(
id INTEGER NOT NULL,
 PARAM_DEFAULT VARCHAR(2048),
 PARAM_NAME VARCHAR(1024) NOT NULL,
 PARAM_VALUE VARCHAR(2048) NOT NULL,
 REQUIRED CHAR NOT NULL,
 ID_RESOLVER INTEGER,
 PRIMARY KEY (id)
)
;

DROP TABLE IF EXISTS XACML.Attribute;
CREATE TABLE XACML.Attribute
(
id INTEGER NOT NULL,
 ATTRIBUTE_VALUE VARCHAR(255),
 created_by VARCHAR(255) NOT NULL,
 created_date TIMESTAMP,
 description VARCHAR(2048),
 is_designator CHAR NOT NULL,
 modified_by VARCHAR(255) NOT NULL,
 modified_date TIMESTAMP NOT NULL,
 PRIORITY VARCHAR(45),
 selector_path VARCHAR(2048),
 xacml_id VARCHAR(100) NOT NULL UNIQUE,
 category INTEGER,
 constraint_type INTEGER,
 datatype INTEGER,
 PRIMARY KEY (id)
)
;

DROP TABLE IF EXISTS XACML.FunctionArguments;
CREATE TABLE XACML.FunctionArguments
(
id INTEGER NOT NULL,
 arg_index INTEGER NOT NULL,
 is_bag INTEGER NOT NULL,
 datatype_id INTEGER,
 function_id INTEGER,
 PRIMARY KEY (id)
)
;

DROP TABLE IF EXISTS XACML.actionlist;
CREATE TABLE XACML.actionlist
(
id INTEGER NOT NULL,
 actionname VARCHAR(45) NOT NULL,
 description VARCHAR(64),
 PRIMARY KEY (id)
)
;

DROP TABLE IF EXISTS XACML.Obadvice;
CREATE TABLE XACML.Obadvice
(
id INTEGER NOT NULL,
 created_by VARCHAR(255) NOT NULL,
 created_date TIMESTAMP NOT NULL,
 description VARCHAR(2048),
 fulfill_on VARCHAR(32),
 modified_by VARCHAR(255) NOT NULL,
 modified_date TIMESTAMP NOT NULL,
 type VARCHAR(100) NOT NULL,
 xacml_id VARCHAR(255) NOT NULL,
 PRIMARY KEY (id)
)
;

DROP TABLE IF EXISTS XACML.ObadviceExpressions;
CREATE TABLE XACML.ObadviceExpressions
(
id INTEGER NOT NULL,
 type VARCHAR(100) NOT NULL,
 obadvice_id INTEGER,
 attribute_id INTEGER,
 PRIMARY KEY (id)
)
;

DROP TABLE IF EXISTS XACML.RuleAlgorithms;
CREATE TABLE XACML.RuleAlgorithms
(
id INTEGER NOT NULL,
 is_standard CHAR NOT NULL,
 short_name VARCHAR(64) NOT NULL,
 xacml_id VARCHAR(255) NOT NULL UNIQUE,
 PRIMARY KEY (id)
)
;

DROP TABLE IF EXISTS XACML.ConstraintValues;
CREATE TABLE XACML.ConstraintValues
(
id INTEGER NOT NULL,
 property VARCHAR(1000),
 value VARCHAR(1000),
 attribute_id INTEGER,
 PRIMARY KEY (id)
)
;

DROP TABLE IF EXISTS XACML.DecisionSettings;
CREATE TABLE XACML.DecisionSettings
(
id INTEGER NOT NULL,
 created_by VARCHAR(255) NOT NULL,
 created_date TIMESTAMP,
 description VARCHAR(2048),
 modified_by VARCHAR(255) NOT NULL,
 modified_date TIMESTAMP NOT NULL,
 PRIORITY VARCHAR(45),
 xacml_id VARCHAR(45) NOT NULL UNIQUE,
 datatype INTEGER,
 PRIMARY KEY (id)
)
;

DROP TABLE IF EXISTS XACML.policy_manangement;
CREATE TABLE XACML.policy_manangement
(
id INTEGER NOT NULL,
 CONFIG_NAME VARCHAR(45) NOT NULL,
 CREATE_DATE_TIME TIMESTAMP NOT NULL,
 CREATED_BY VARCHAR(45) NOT NULL,
 ECOMP_NAME VARCHAR(45) NOT NULL,
 POLICY_NAME VARCHAR(45) NOT NULL,
 scope VARCHAR(45) NOT NULL,
 UPDATE_DATE_TIME TIMESTAMP NOT NULL,
 UPDATED_BY VARCHAR(45) NOT NULL,
 XML text NOT NULL,
 PRIMARY KEY (id)
)
;

DROP TABLE IF EXISTS XACML.PIPConfiguration;
CREATE TABLE XACML.PIPConfiguration
(
id INTEGER NOT NULL,
 CLASSNAME VARCHAR(2048) NOT NULL,
 CREATED_BY VARCHAR(255) NOT NULL,
 CREATED_DATE TIMESTAMP NOT NULL,
 DESCRIPTION VARCHAR(2048),
 ISSUER VARCHAR(1024),
 MODIFIED_BY VARCHAR(255) NOT NULL,
 MODIFIED_DATE TIMESTAMP NOT NULL,
 NAME VARCHAR(255) NOT NULL,
 READ_ONLY CHAR NOT NULL,
 REQUIRES_RESOLVER CHAR NOT NULL,
 TYPE INTEGER,
 PRIMARY KEY (id)
)
;

DROP TABLE IF EXISTS XACML.protocollist;
CREATE TABLE XACML.protocollist
(
id INTEGER NOT NULL,
 description VARCHAR(64),
 protocolname VARCHAR(45) NOT NULL,
 PRIMARY KEY (id)
)
;


DROP TABLE IF EXISTS XACML.FunctionDefinition;
CREATE TABLE XACML.FunctionDefinition 
( 
id INTEGER NOT NULL,
 arg_lb INTEGER NOT NULL,
 arg_ub INTEGER NOT NULL,
 ho_arg_lb INTEGER,
 ho_arg_ub INTEGER,
 ho_primitive CHAR,
 is_bag_return INTEGER NOT NULL,
 is_higher_order INTEGER NOT NULL,
 short_name VARCHAR(64) NOT NULL,
 xacml_id VARCHAR(255) NOT NULL,
 return_datatype INTEGER,
 PRIMARY KEY (id)
)
;

DROP TABLE IF EXISTS XACML.PIPResolver;
CREATE TABLE XACML.PIPResolver
(
id INTEGER NOT NULL,
 CLASSNAME VARCHAR(2048) NOT NULL,
 CREATED_BY VARCHAR(255) NOT NULL,
 CREATED_DATE TIMESTAMP NOT NULL,
 DESCRIPTION VARCHAR(2048),
 ISSUER VARCHAR(1024),
 MODIFIED_BY VARCHAR(255) NOT NULL,
 MODIFIED_DATE TIMESTAMP NOT NULL,
 NAME VARCHAR(255) NOT NULL,
 READ_ONLY CHAR NOT NULL,
 PIP_ID INTEGER,
 PRIMARY KEY (id)
)
;

DROP TABLE IF EXISTS XACML.TERM;
CREATE TABLE XACML.TERM
(
id INTEGER NOT NULL,
 description VARCHAR(100),
 action VARCHAR(100),
 destIPList VARCHAR(100),
 destPortList VARCHAR(100),
 portList VARCHAR(100),
 protocolList VARCHAR(100),
 srcIPList VARCHAR(100),
 srcPortList VARCHAR(100),
 termName VARCHAR(45) NOT NULL,
 PRIMARY KEY (id)
)
;

DROP TABLE IF EXISTS XACML.PREFIXLIST;
CREATE TABLE XACML.PREFIXLIST
(
id INTEGER NOT NULL,
 pl_name VARCHAR(45) NOT NULL,
 pl_value VARCHAR(64) NOT NULL,
 description VARCHAR(255),
 PRIMARY KEY (id)
)
;

DROP TABLE IF EXISTS XACML.Datatype;
CREATE TABLE XACML.Datatype
(
id INTEGER NOT NULL,
 is_standard CHAR NOT NULL,
 short_name VARCHAR(64) NOT NULL,
 xacml_id VARCHAR(255) NOT NULL UNIQUE,
 PRIMARY KEY (id)
)
;

DROP TABLE IF EXISTS XACML.PIPType;
CREATE TABLE XACML.PIPType
(
id INTEGER NOT NULL,
 type VARCHAR(45) NOT NULL,
 PRIMARY KEY (id)
)
;

DROP TABLE IF EXISTS XACML.ActionPolicyDict;
CREATE TABLE XACML.ActionPolicyDict
(
id INTEGER NOT NULL,
 ATTRIBUTE_NAME VARCHAR(45) NOT NULL,
 Body VARCHAR(4096),
 created_by VARCHAR(255) NOT NULL,
 created_date TIMESTAMP,
 description VARCHAR(2048),
 Headers VARCHAR(1024),
 Method VARCHAR(45) NOT NULL,
 modified_by VARCHAR(255) NOT NULL,
 modified_date TIMESTAMP NOT NULL,
 Type VARCHAR(45) NOT NULL,
 URL VARCHAR(45) NOT NULL,
 PRIMARY KEY (id)
)
;

DROP TABLE IF EXISTS XACML.Category;
CREATE TABLE XACML.Category
(
id INTEGER NOT NULL,
 grouping VARCHAR(64) NOT NULL,
 is_standard CHAR NOT NULL,
 short_name VARCHAR(64) NOT NULL,
 xacml_id VARCHAR(255) NOT NULL UNIQUE,
 PRIMARY KEY (id)
)
;

DROP TABLE IF EXISTS XACML.Scope;
CREATE TABLE XACML.Scope
(
scopeId BIGINT NOT NULL,
 parentScope BIGINT,
 scopeName VARCHAR(255) NOT NULL,
 PRIMARY KEY (scopeId)
)
;
CREATE INDEX parentScope ON Scope (parentScope);

DROP TABLE IF EXISTS XACML.EcompName;
CREATE TABLE XACML.EcompName
(
id INTEGER NOT NULL,
 created_by VARCHAR(255) NOT NULL,
 created_date TIMESTAMP,
 description VARCHAR(2048),
 ecomp_Name VARCHAR(100) NOT NULL UNIQUE,
 modified_by VARCHAR(255) NOT NULL,
 modified_date TIMESTAMP NOT NULL,
 PRIMARY KEY (id)
)
;

DROP TABLE IF EXISTS XACML.ConstraintType;
CREATE TABLE XACML.ConstraintType
(
id INTEGER NOT NULL,
 constraint_type VARCHAR(64) NOT NULL,
 description VARCHAR(255) NOT NULL,
 PRIMARY KEY (id)
)
;

DROP TABLE IF EXISTS XACML.EnforcingType;
CREATE TABLE XACML.EnforcingType
(
id INTEGER NOT NULL,
 connectionQuery VARCHAR(255) NOT NULL,
 enforcingType VARCHAR(255) NOT NULL UNIQUE,
 script VARCHAR(255) NOT NULL,
 valueQuery VARCHAR(255) NOT NULL,
 PRIMARY KEY (id)
)
;

DROP TABLE IF EXISTS XACML.PIPConfigParams;
CREATE TABLE XACML.PIPConfigParams
(
id INTEGER NOT NULL,
 PARAM_DEFAULT VARCHAR(2048),
 PARAM_NAME VARCHAR(1024) NOT NULL,
 PARAM_VALUE VARCHAR(2048) NOT NULL,
 REQUIRED CHAR NOT NULL,
 PIP_ID INTEGER,
 PRIMARY KEY (id)
)
;

DROP TABLE IF EXISTS XACML.portlist;
CREATE TABLE XACML.portlist
(
id INTEGER NOT NULL,
 description VARCHAR(64),
 portname VARCHAR(45) NOT NULL,
 PRIMARY KEY (id)
)
;

DROP TABLE IF EXISTS XACML.SEQUENCE;
CREATE TABLE XACML.SEQUENCE
(
SEQ_NAME VARCHAR(50) NOT NULL,
 SEQ_COUNT NUMERIC(38),
 PRIMARY KEY (SEQ_NAME)
)
;
-- INSERT INTO SEQUENCE(SEQ_NAME, SEQ_COUNT) values ('SEQ_GEN', 0);
-- CREATE SEQUENCE seq START WITH 1;

DROP TABLE IF EXISTS XACML.SYSTEMLOGDB;
CREATE TABLE XACML.SYSTEMLOGDB
(
 id INTEGER NOT NULL AUTO_INCREMENT,
 system VARCHAR(255) NOT NULL,
 description VARCHAR(2048),
 remote VARCHAR(255) NOT NULL,
 type VARCHAR(10) NOT NULL,
 date TIMESTAMP NOT NULL,
 logtype VARCHAR(255) NOT NULL,
 PRIMARY KEY (id)
) 

;

DROP TABLE IF EXISTS LOG.SEQUENCE;
CREATE TABLE LOG.SEQUENCE
(
SEQ_NAME VARCHAR(50) NOT NULL,
 SEQ_COUNT NUMERIC(38),
 PRIMARY KEY (SEQ_NAME)
)
;

DROP TABLE IF EXISTS LOG.SYSTEMLOGDB;
CREATE TABLE LOG.SYSTEMLOGDB
(
 id INTEGER NOT NULL AUTO_INCREMENT,
 system VARCHAR(255) NOT NULL,
 description VARCHAR(2048),
 remote VARCHAR(255) NOT NULL,
 type VARCHAR(10) NOT NULL,
 date TIMESTAMP NOT NULL,
 logtype VARCHAR(255) NOT NULL,
 PRIMARY KEY (id)
) 
;

drop table if exists SUPPORT.DB_VERSION; 
create table SUPPORT.DB_VERSION
(
  the_key varchar(20) primary key not null, 
  version varchar(20)
) 
;

DROP TABLE IF EXISTS XACML.SERVICEGROUP; 
CREATE TABLE XACML.SERVICEGROUP
(
id integer NOT NULL,
name varchar(32),
type varchar(16),
transportprotocol varchar(255),
appprotocol varchar(255),
ports varchar(255), 
`desc` varchar(255),
primary key(id)
)
;

DROP TABLE IF EXISTS XACML.SECURITYZONE; 
CREATE TABLE XACML.SECURITYZONE
(
id integer NOT NULL,
name varchar(32),
value varchar(64), 
primary key(id)
)
;

CREATE TABLE XACML.VSCLACTION
(
ID INTEGER NOT NULL,
VSCL_ACTION VARCHAR(45) NOT NULL,
DESCRIPTION VARCHAR(45) NULL,
CREATED_DATE TIMESTAMP NOT NULL,
CREATED_BY VARCHAR(45) NOT NULL,
MODIFIED_DATE TIMESTAMP NOT NULL,
MODIFIED_BY VARCHAR(45) NOT NULL,
PRIMARY KEY(ID)
);

CREATE TABLE XACML.VNFTYPE
(
ID INTEGER NOT NULL,
VNF_TYPE VARCHAR(45) NOT NULL,
DESCRIPTION VARCHAR(45) NULL,
CREATED_DATE TIMESTAMP NOT NULL,
CREATED_BY VARCHAR(45) NOT NULL,
MODIFIED_DATE TIMESTAMP NOT NULL,
MODIFIED_BY VARCHAR(45) NOT NULL,
PRIMARY KEY(ID)
)
;

DROP TABLE IF EXISTS XACML.POLICYENTITY;
CREATE TABLE XACML.PolicyEntity
(
policyId BIGINT NOT NULL,
 created_by VARCHAR(255) NOT NULL,
 created_date TIMESTAMP,
 deleted BOOLEAN NOT NULL,
 description VARCHAR(2048) NOT NULL,
 modified_by VARCHAR(255) NOT NULL,
 modified_date TIMESTAMP NOT NULL,
 policyData TEXT,
 policyName VARCHAR(255) NOT NULL,
 scope VARCHAR(255) NOT NULL,
 version INTEGER,
 configurationDataId BIGINT,
 PRIMARY KEY (policyId))
;
CREATE INDEX scope ON XACML.PolicyEntity (scope);
CREATE INDEX policyName ON XACML.PolicyEntity (policyName);

DROP TABLE IF EXISTS XACML.ConfigurationDataEntity;
CREATE TABLE XACML.ConfigurationDataEntity
(
configurationDataId BIGINT NOT NULL,
 configBody TEXT,
 configType VARCHAR(255) NOT NULL,
 configurationName VARCHAR(255) NOT NULL,
 created_by VARCHAR(255) NOT NULL,
 created_date TIMESTAMP,
 deleted BOOLEAN NOT NULL,
 description VARCHAR(2048) NOT NULL,
 modified_by VARCHAR(255) NOT NULL,
 modified_date TIMESTAMP NOT NULL,
 version INTEGER,
 PRIMARY KEY (configurationDataId))
;

DROP TABLE IF EXISTS XACML.PolicyDBDaoEntity;
CREATE TABLE XACML.PolicyDBDaoEntity
(
 policyDBDaoUrl VARCHAR(500) NOT NULL UNIQUE,
 created_date TIMESTAMP,
 description VARCHAR(2048) NOT NULL,
 modified_date TIMESTAMP NOT NULL,
 PRIMARY KEY (policyDBDaoUrl))
;

DROP TABLE IF EXISTS XACML.ADDRESSGROUP;
CREATE TABLE ADDRESSGROUP
(
 id INTEGER NOT NULL,
 name varchar(32),
 description VARCHAR(64),
 prefixlist varchar(255)
);

create index idx_addressgroup on ADDRESSGROUP(ID);



create or replace view xacml.match_functions 
as select d.id as id, d.short_name as shortname, d.xacml_id as xacmlid,	
d.return_datatype as return_datatype, d.is_bag_return as is_bag_return,	
d.arg_lb as arg_lb,	d.arg_ub as arg_ub,	a1.is_bag as arg1_isbag, 
a1.datatype_id as arg1_datatype, a2.is_bag as arg2_isbag,	
a2.datatype_id as arg2_datatype 
from (xacml.functiondefinition d 
left join xacml.functionarguments a1 on (a1.function_id = d.id and a1.arg_index = 1) 
left join xacml.functionarguments a2 on (a2.function_id = d.id and a2.arg_index = 2)) 
where (d.arg_lb = 2 and d.arg_ub = 2 and d.return_datatype = 18 and a1.is_bag = 0) 
order by d.short_name;

create or replace view xacml.function_flattener 
as select d.id as id, d.short_name as shortname,
d.return_datatype as return_datatype, d.is_bag_return as is_bag_return, 
d.is_higher_order as is_higher_order, d.arg_lb as arg_lb, d.arg_ub as arg_ub, 
a1.is_bag as arg1_isbag, a1.datatype_id as arg1_datatype, a2.is_bag as arg2_isbag, 
a2.datatype_id as arg2_datatype, a3.is_bag as arg3_isbag, 
a3.datatype_id as arg3_datatype 
from (xacml.functiondefinition d left join xacml.functionarguments a1 
on (a1.function_id = d.id and a1.arg_index = 1) 
left join xacml.functionarguments a2 on (a2.function_id = d.id and a2.arg_index = 2) 
left join xacml.functionarguments a3 on (a3.function_id = d.id and a3.arg_index = 3)) 
order by d.id;

create or replace view xacml.higherorder_bag_functions 
as select * from xacml.function_flattener 
where is_higher_order = 1 and is_bag_return = 1 and return_datatype=18 
and arg_lb=2 and arg_ub=2 and arg1_isbag = 1 and (arg2_isbag = 1 or arg2_isbag is null);

GRANT SELECT, INSERT, UPDATE, DELETE ON XACML.SYSTEMLOGDB TO policy_user;
GRANT SELECT, INSERT, UPDATE, DELETE ON XACML.SEQUENCE TO policy_user;
GRANT SELECT, INSERT, UPDATE, DELETE ON XACML.RULEALGORITHMS TO policy_user;
GRANT SELECT, INSERT, UPDATE, DELETE ON XACML.ROLES TO policy_user;
GRANT SELECT, INSERT, UPDATE, DELETE ON XACML.POLICYALGORITHMS TO policy_user;
GRANT SELECT, INSERT, UPDATE, DELETE ON XACML.POLICY_MANANGEMENT TO policy_user;
GRANT SELECT, INSERT, UPDATE, DELETE ON XACML.PIPRESOLVERPARAMS TO policy_user;
GRANT SELECT, INSERT, UPDATE, DELETE ON XACML.PIPRESOLVER TO policy_user;
GRANT SELECT, INSERT, UPDATE, DELETE ON XACML.PIPCONFIGPARAMS TO policy_user;
GRANT SELECT, INSERT, UPDATE, DELETE ON XACML.PIPCONFIGURATION TO policy_user;
GRANT SELECT, INSERT, UPDATE, DELETE ON XACML.PIPTYPE TO policy_user;
GRANT SELECT, INSERT, UPDATE, DELETE ON XACML.OBADVICEEXPRESSIONS TO policy_user;
GRANT SELECT, INSERT, UPDATE, DELETE ON XACML.GLOBALROLESETTINGS TO policy_user;
GRANT SELECT, INSERT, UPDATE, DELETE ON XACML.FUNCTIONARGUMENTS TO policy_user;
GRANT SELECT, INSERT, UPDATE, DELETE ON XACML.FUNCTIONDEFINITION TO policy_user;
GRANT SELECT, INSERT, UPDATE, DELETE ON XACML.ECOMPNAME TO policy_user;
GRANT SELECT, INSERT, UPDATE, DELETE ON XACML.DECISIONSETTINGS TO policy_user;
GRANT SELECT, INSERT, UPDATE, DELETE ON XACML.ATTRIBUTEASSIGNMENT TO policy_user;
GRANT SELECT, INSERT, UPDATE, DELETE ON XACML.CONSTRAINTVALUES TO policy_user;
GRANT SELECT, INSERT, UPDATE, DELETE ON XACML.ATTRIBUTE TO policy_user;
GRANT SELECT, INSERT, UPDATE, DELETE ON XACML.OBADVICE TO policy_user;
GRANT SELECT, INSERT, UPDATE, DELETE ON XACML.CONSTRAINTTYPE TO policy_user;
GRANT SELECT, INSERT, UPDATE, DELETE ON XACML.CATEGORY TO policy_user;
GRANT SELECT, INSERT, UPDATE, DELETE ON XACML.DATATYPE TO policy_user;
GRANT SELECT, INSERT, UPDATE, DELETE ON XACML.ACTIONPOLICYDICT TO policy_user;
GRANT SELECT, INSERT, UPDATE, DELETE ON XACML.POLICYENTITY TO policy_user;
GRANT SELECT, INSERT, UPDATE, DELETE ON XACML.CONFIGURATIONDATAENTITY TO policy_user;
GRANT SELECT, INSERT, UPDATE, DELETE ON XACML.PolicyDBDaoEntity TO policy_user;

GRANT SELECT, INSERT, UPDATE, DELETE ON XACML.POLICYSCORE TO policy_user;
GRANT SELECT, INSERT, UPDATE, DELETE ON XACML.ACTIONLIST TO policy_user;
GRANT SELECT, INSERT, UPDATE, DELETE ON XACML.PROTOCOLLIST TO policy_user;
GRANT SELECT, INSERT, UPDATE, DELETE ON XACML.TERM TO policy_user;
GRANT SELECT, INSERT, UPDATE, DELETE ON XACML.PREFIXLIST TO policy_user;
GRANT SELECT, INSERT, UPDATE, DELETE ON XACML.SCOPE TO policy_user;
GRANT SELECT, INSERT, UPDATE, DELETE ON XACML.ENFORCINGTYPE TO policy_user;
GRANT SELECT, INSERT, UPDATE, DELETE ON XACML.PORTLIST TO policy_user;
GRANT SELECT, INSERT, UPDATE, DELETE ON XACML.GROUPSERVICELIST TO policy_user;
GRANT SELECT, INSERT, UPDATE, DELETE ON XACML.VSCLACTION TO policy_user;
GRANT SELECT, INSERT, UPDATE, DELETE ON XACML.VNFTYPE TO policy_user;
GRANT SELECT, INSERT, UPDATE, DELETE ON XACML.ADDRESSGROUP TO policy_user;

GRANT SELECT, INSERT, UPDATE, DELETE ON LOG.SEQUENCE TO policy_user; 
GRANT SELECT, INSERT, UPDATE, DELETE ON LOG.SYSTEMLOGDB TO policy_user; 

grant insert, update, delete, select on support.db_version to policy_user; 
grant select on xacml.match_functions to policy_user; 
grant select on xacml.function_flattener to policy_user; 
grant select on xacml.higherorder_bag_functions to policy_user; 



INSERT INTO XACML.ATTRIBUTE (ID,CREATED_BY,CREATED_DATE,DESCRIPTION,IS_DESIGNATOR,MODIFIED_BY,MODIFIED_DATE,SELECTOR_PATH,XACML_ID,CATEGORY,CONSTRAINT_TYPE,DATATYPE,PRIORITY,ATTRIBUTE_VALUE) VALUES (1401,'super-admin',str_to_date('2015-05-11 19:56:54.930000','%Y-%m-%d %H:%i:%s.%f'),null,'1','super-admin',str_to_date('2015-05-11 19:56:54.930000','%Y-%m-%d %H:%i:%s.%f'),null,'true',5,null,18,null,null);
INSERT INTO XACML.ATTRIBUTE (ID,CREATED_BY,CREATED_DATE,DESCRIPTION,IS_DESIGNATOR,MODIFIED_BY,MODIFIED_DATE,SELECTOR_PATH,XACML_ID,CATEGORY,CONSTRAINT_TYPE,DATATYPE,PRIORITY,ATTRIBUTE_VALUE) VALUES (1455,'super-admin',str_to_date('2015-05-13 14:10:44.134000','%Y-%m-%d %H:%i:%s.%f'),null,'1','super-admin',str_to_date('2015-05-13 14:10:44.134000','%Y-%m-%d %H:%i:%s.%f'),null,'Test-Kat',5,null,26,'High',null);
INSERT INTO XACML.ATTRIBUTE (ID,CREATED_BY,CREATED_DATE,DESCRIPTION,IS_DESIGNATOR,MODIFIED_BY,MODIFIED_DATE,SELECTOR_PATH,XACML_ID,CATEGORY,CONSTRAINT_TYPE,DATATYPE,PRIORITY,ATTRIBUTE_VALUE) VALUES (1551,'super-admin',str_to_date('2015-05-22 11:40:23.118000','%Y-%m-%d %H:%i:%s.%f'),null,'1','super-admin',str_to_date('2015-05-22 11:40:23.118000','%Y-%m-%d %H:%i:%s.%f'),null,'test',5,null,26,null,null);
INSERT INTO XACML.ATTRIBUTE (ID,CREATED_BY,CREATED_DATE,DESCRIPTION,IS_DESIGNATOR,MODIFIED_BY,MODIFIED_DATE,SELECTOR_PATH,XACML_ID,CATEGORY,CONSTRAINT_TYPE,DATATYPE,PRIORITY,ATTRIBUTE_VALUE) VALUES (1926,'super-admin',str_to_date('2015-06-09 11:42:16.580000','%Y-%m-%d %H:%i:%s.%f'),'Hour when maintenance window starts (0 to 24)','1','super-admin',str_to_date('2015-06-11 23:29:46.407000','%Y-%m-%d %H:%i:%s.%f'),null,'Window_Thursday_Start:',5,null,12,null,null);
INSERT INTO XACML.ATTRIBUTE (ID,CREATED_BY,CREATED_DATE,DESCRIPTION,IS_DESIGNATOR,MODIFIED_BY,MODIFIED_DATE,SELECTOR_PATH,XACML_ID,CATEGORY,CONSTRAINT_TYPE,DATATYPE,PRIORITY,ATTRIBUTE_VALUE) VALUES (1927,'super-admin',str_to_date('2015-06-09 11:42:33.966000','%Y-%m-%d %H:%i:%s.%f'),'Hour when maintenance window starts (0 to 24)','1','super-admin',str_to_date('2015-06-11 23:29:24.841000','%Y-%m-%d %H:%i:%s.%f'),null,'Window_Friday_Start:',5,null,12,null,null);
INSERT INTO XACML.ATTRIBUTE (ID,CREATED_BY,CREATED_DATE,DESCRIPTION,IS_DESIGNATOR,MODIFIED_BY,MODIFIED_DATE,SELECTOR_PATH,XACML_ID,CATEGORY,CONSTRAINT_TYPE,DATATYPE,PRIORITY,ATTRIBUTE_VALUE) VALUES (1928,'super-admin',str_to_date('2015-06-09 11:42:49.867000','%Y-%m-%d %H:%i:%s.%f'),'Hour when maintenance window starts (0 to 24)','1','super-admin',str_to_date('2015-06-11 23:29:32.730000','%Y-%m-%d %H:%i:%s.%f'),null,'Window_Saturday_Start:',5,null,12,null,null);
INSERT INTO XACML.ATTRIBUTE (ID,CREATED_BY,CREATED_DATE,DESCRIPTION,IS_DESIGNATOR,MODIFIED_BY,MODIFIED_DATE,SELECTOR_PATH,XACML_ID,CATEGORY,CONSTRAINT_TYPE,DATATYPE,PRIORITY,ATTRIBUTE_VALUE) VALUES (1929,'super-admin',str_to_date('2015-06-09 11:43:11.486000','%Y-%m-%d %H:%i:%s.%f'),'Hour when maintenance window starts (0 to 24)','1','super-admin',str_to_date('2015-06-11 23:34:08.866000','%Y-%m-%d %H:%i:%s.%f'),null,'Window_Sunday_Start:',5,null,12,null,null);
INSERT INTO XACML.ATTRIBUTE (ID,CREATED_BY,CREATED_DATE,DESCRIPTION,IS_DESIGNATOR,MODIFIED_BY,MODIFIED_DATE,SELECTOR_PATH,XACML_ID,CATEGORY,CONSTRAINT_TYPE,DATATYPE,PRIORITY,ATTRIBUTE_VALUE) VALUES (1954,'super-admin',str_to_date('2015-06-11 23:30:12.656000','%Y-%m-%d %H:%i:%s.%f'),'Hour when maintenance window ends (0 to 24)','1','super-admin',str_to_date('2015-06-11 23:30:39.869000','%Y-%m-%d %H:%i:%s.%f'),null,'Window _Monday_End:',5,null,12,null,null);
INSERT INTO XACML.ATTRIBUTE (ID,CREATED_BY,CREATED_DATE,DESCRIPTION,IS_DESIGNATOR,MODIFIED_BY,MODIFIED_DATE,SELECTOR_PATH,XACML_ID,CATEGORY,CONSTRAINT_TYPE,DATATYPE,PRIORITY,ATTRIBUTE_VALUE) VALUES (1955,'super-admin',str_to_date('2015-06-11 23:30:46.701000','%Y-%m-%d %H:%i:%s.%f'),'Hour when maintenance window ends (0 to 24)','1','super-admin',str_to_date('2015-06-11 23:32:01.698000','%Y-%m-%d %H:%i:%s.%f'),null,'Window_Friday_End:',5,null,12,null,null);
INSERT INTO XACML.ATTRIBUTE (ID,CREATED_BY,CREATED_DATE,DESCRIPTION,IS_DESIGNATOR,MODIFIED_BY,MODIFIED_DATE,SELECTOR_PATH,XACML_ID,CATEGORY,CONSTRAINT_TYPE,DATATYPE,PRIORITY,ATTRIBUTE_VALUE) VALUES (1956,'super-admin',str_to_date('2015-06-11 23:31:10.449000','%Y-%m-%d %H:%i:%s.%f'),'Hour when maintenance window ends (0 to 24)','1','super-admin',str_to_date('2015-06-11 23:31:42.361000','%Y-%m-%d %H:%i:%s.%f'),null,'Window_Saturday_End:',5,null,12,null,null);
INSERT INTO XACML.ATTRIBUTE (ID,CREATED_BY,CREATED_DATE,DESCRIPTION,IS_DESIGNATOR,MODIFIED_BY,MODIFIED_DATE,SELECTOR_PATH,XACML_ID,CATEGORY,CONSTRAINT_TYPE,DATATYPE,PRIORITY,ATTRIBUTE_VALUE) VALUES (1957,'super-admin',str_to_date('2015-06-11 23:32:25.542000','%Y-%m-%d %H:%i:%s.%f'),'Hour when maintenance window ends (0 to 24)','1','super-admin',str_to_date('2015-06-11 23:32:45.215000','%Y-%m-%d %H:%i:%s.%f'),null,'Window_Sunday_End:',5,null,12,null,null);
INSERT INTO XACML.ATTRIBUTE (ID,CREATED_BY,CREATED_DATE,DESCRIPTION,IS_DESIGNATOR,MODIFIED_BY,MODIFIED_DATE,SELECTOR_PATH,XACML_ID,CATEGORY,CONSTRAINT_TYPE,DATATYPE,PRIORITY,ATTRIBUTE_VALUE) VALUES (1958,'super-admin',str_to_date('2015-06-11 23:32:55.89000','%Y-%m-%d %H:%i:%s.%f'),'Hour when maintenance window ends (0 to 24)','1','super-admin',str_to_date('2015-06-11 23:33:11.766000','%Y-%m-%d %H:%i:%s.%f'),null,'Window_Thursday_End:',5,null,12,null,null);
INSERT INTO XACML.ATTRIBUTE (ID,CREATED_BY,CREATED_DATE,DESCRIPTION,IS_DESIGNATOR,MODIFIED_BY,MODIFIED_DATE,SELECTOR_PATH,XACML_ID,CATEGORY,CONSTRAINT_TYPE,DATATYPE,PRIORITY,ATTRIBUTE_VALUE) VALUES (1959,'super-admin',str_to_date('2015-06-11 23:33:28.664000','%Y-%m-%d %H:%i:%s.%f'),'Hour when maintenance window ends (0 to 24)','1','super-admin',str_to_date('2015-06-11 23:33:47.905000','%Y-%m-%d %H:%i:%s.%f'),null,'Window_Tuesday_End:',5,null,12,null,null);
INSERT INTO XACML.ATTRIBUTE (ID,CREATED_BY,CREATED_DATE,DESCRIPTION,IS_DESIGNATOR,MODIFIED_BY,MODIFIED_DATE,SELECTOR_PATH,XACML_ID,CATEGORY,CONSTRAINT_TYPE,DATATYPE,PRIORITY,ATTRIBUTE_VALUE) VALUES (1960,'super-admin',str_to_date('2015-06-11 23:34:18.912000','%Y-%m-%d %H:%i:%s.%f'),'Hour when maintenance window ends (0 to 24)','1','super-admin',str_to_date('2015-06-11 23:35:12.283000','%Y-%m-%d %H:%i:%s.%f'),null,'Window_Wednesday_End:',5,null,12,null,null);
INSERT INTO XACML.ATTRIBUTE (ID,CREATED_BY,CREATED_DATE,DESCRIPTION,IS_DESIGNATOR,MODIFIED_BY,MODIFIED_DATE,SELECTOR_PATH,XACML_ID,CATEGORY,CONSTRAINT_TYPE,DATATYPE,PRIORITY,ATTRIBUTE_VALUE) VALUES (2904,'super-admin',str_to_date('2015-08-24 18:06:29.370000','%Y-%m-%d %H:%i:%s.%f'),'Test','1','super-admin',str_to_date('2015-08-24 18:06:29.370000','%Y-%m-%d %H:%i:%s.%f'),null,'KK1:(0)',5,null,26,null,null);




INSERT INTO XACML.CATEGORY (ID,GROUPING,IS_STANDARD,SHORT_NAME,XACML_ID) VALUES (4,'subject','S','intermediary-subject','urn:oasis:names:tc:xacml:1.0:subject-category:intermediary-subject');
INSERT INTO XACML.CATEGORY (ID,GROUPING,IS_STANDARD,SHORT_NAME,XACML_ID) VALUES (5,'resource','S','resource','urn:oasis:names:tc:xacml:3.0:attribute-category:resource');
INSERT INTO XACML.CATEGORY (ID,GROUPING,IS_STANDARD,SHORT_NAME,XACML_ID) VALUES (6,'subject','S','codebase','urn:oasis:names:tc:xacml:1.0:subject-category:codebase');
INSERT INTO XACML.CATEGORY (ID,GROUPING,IS_STANDARD,SHORT_NAME,XACML_ID) VALUES (7,'action','S','action','urn:oasis:names:tc:xacml:3.0:attribute-category:action');
INSERT INTO XACML.CATEGORY (ID,GROUPING,IS_STANDARD,SHORT_NAME,XACML_ID) VALUES (8,'subject','S','access-subject','urn:oasis:names:tc:xacml:1.0:subject-category:access-subject');
INSERT INTO XACML.CATEGORY (ID,GROUPING,IS_STANDARD,SHORT_NAME,XACML_ID) VALUES (9,'environment','S','environment','urn:oasis:names:tc:xacml:3.0:attribute-category:environment');
INSERT INTO XACML.CATEGORY (ID,GROUPING,IS_STANDARD,SHORT_NAME,XACML_ID) VALUES (10,'subject','S','requesting-machine','urn:oasis:names:tc:xacml:1.0:subject-category:requesting-machine');
INSERT INTO XACML.CATEGORY (ID,GROUPING,IS_STANDARD,SHORT_NAME,XACML_ID) VALUES (11,'subject','S','recipient-subject','urn:oasis:names:tc:xacml:1.0:subject-category:recipient-subject');


INSERT INTO XACML.CONSTRAINTTYPE (ID,CONSTRAINT_TYPE,DESCRIPTION) VALUES (1,'Range','Set a range of min and/or max integer/double values the attribute can be set to during policy creation.');
INSERT INTO XACML.CONSTRAINTTYPE (ID,CONSTRAINT_TYPE,DESCRIPTION) VALUES (2,'Regular Expression','Define a regular expression the attribute must match against during policy creation.');
INSERT INTO XACML.CONSTRAINTTYPE (ID,CONSTRAINT_TYPE,DESCRIPTION) VALUES (3,'Enumeration','Enumerate a set of values that the attribute may be set to during policy creation.');





INSERT INTO XACML.DATATYPE (ID,IS_STANDARD,SHORT_NAME,XACML_ID) VALUES (12,'S','integer','http://www.w3.org/2001/XMLSchema#integer');
INSERT INTO XACML.DATATYPE (ID,IS_STANDARD,SHORT_NAME,XACML_ID) VALUES (13,'S','base64Binary','http://www.w3.org/2001/XMLSchema#base64Binary');
INSERT INTO XACML.DATATYPE (ID,IS_STANDARD,SHORT_NAME,XACML_ID) VALUES (14,'S','x500Name','urn:oasis:names:tc:xacml:1.0:data-type:x500Name');
INSERT INTO XACML.DATATYPE (ID,IS_STANDARD,SHORT_NAME,XACML_ID) VALUES (15,'S','dayTimeDuration','http://www.w3.org/2001/XMLSchema#dayTimeDuration');
INSERT INTO XACML.DATATYPE (ID,IS_STANDARD,SHORT_NAME,XACML_ID) VALUES (16,'S','time','http://www.w3.org/2001/XMLSchema#time');
INSERT INTO XACML.DATATYPE (ID,IS_STANDARD,SHORT_NAME,XACML_ID) VALUES (17,'S','dnsName','urn:oasis:names:tc:xacml:2.0:data-type:dnsName');
INSERT INTO XACML.DATATYPE (ID,IS_STANDARD,SHORT_NAME,XACML_ID) VALUES (18,'S','boolean','http://www.w3.org/2001/XMLSchema#boolean');
INSERT INTO XACML.DATATYPE (ID,IS_STANDARD,SHORT_NAME,XACML_ID) VALUES (19,'S','dateTime','http://www.w3.org/2001/XMLSchema#dateTime');
INSERT INTO XACML.DATATYPE (ID,IS_STANDARD,SHORT_NAME,XACML_ID) VALUES (20,'S','rfc822Name','urn:oasis:names:tc:xacml:1.0:data-type:rfc822Name');
INSERT INTO XACML.DATATYPE (ID,IS_STANDARD,SHORT_NAME,XACML_ID) VALUES (21,'S','date','http://www.w3.org/2001/XMLSchema#date');
INSERT INTO XACML.DATATYPE (ID,IS_STANDARD,SHORT_NAME,XACML_ID) VALUES (22,'S','ipAddress','urn:oasis:names:tc:xacml:2.0:data-type:ipAddress');
INSERT INTO XACML.DATATYPE (ID,IS_STANDARD,SHORT_NAME,XACML_ID) VALUES (23,'S','yearMonthDuration','http://www.w3.org/2001/XMLSchema#yearMonthDuration');
INSERT INTO XACML.DATATYPE (ID,IS_STANDARD,SHORT_NAME,XACML_ID) VALUES (24,'S','hexBinary','http://www.w3.org/2001/XMLSchema#hexBinary');
INSERT INTO XACML.DATATYPE (ID,IS_STANDARD,SHORT_NAME,XACML_ID) VALUES (25,'S','double','http://www.w3.org/2001/XMLSchema#double');
INSERT INTO XACML.DATATYPE (ID,IS_STANDARD,SHORT_NAME,XACML_ID) VALUES (26,'S','string','http://www.w3.org/2001/XMLSchema#string');
INSERT INTO XACML.DATATYPE (ID,IS_STANDARD,SHORT_NAME,XACML_ID) VALUES (27,'S','anyURI','http://www.w3.org/2001/XMLSchema#anyURI');
INSERT INTO XACML.DATATYPE (ID,IS_STANDARD,SHORT_NAME,XACML_ID) VALUES (28,'S','xpathExpression','urn:oasis:names:tc:xacml:3.0:data-type:xpathExpression');
INSERT INTO XACML.DATATYPE (ID,IS_STANDARD,SHORT_NAME,XACML_ID) VALUES (29,'S','user','');




INSERT INTO XACML.ECOMPNAME (ID,CREATED_BY,CREATED_DATE,DESCRIPTION,ECOMP_NAME,MODIFIED_BY,MODIFIED_DATE) VALUES (1456,'super-admin',str_to_date('2015-05-13 14:21:34.778000','%Y-%m-%d %H:%i:%s.%f'),'orchestrator','MSO','super-admin',str_to_date('2015-05-13 14:21:34.778000','%Y-%m-%d %H:%i:%s.%f'));


INSERT INTO XACML.FUNCTIONARGUMENTS (ID,ARG_INDEX,IS_BAG,DATATYPE_ID,FUNCTION_ID) VALUES (1,1,0,12,1);
INSERT INTO XACML.FUNCTIONARGUMENTS (ID,ARG_INDEX,IS_BAG,DATATYPE_ID,FUNCTION_ID) VALUES (2,2,0,12,1);
INSERT INTO XACML.FUNCTIONARGUMENTS (ID,ARG_INDEX,IS_BAG,DATATYPE_ID,FUNCTION_ID) VALUES (3,1,0,12,2);
INSERT INTO XACML.FUNCTIONARGUMENTS (ID,ARG_INDEX,IS_BAG,DATATYPE_ID,FUNCTION_ID) VALUES (4,2,0,12,2);
INSERT INTO XACML.FUNCTIONARGUMENTS (ID,ARG_INDEX,IS_BAG,DATATYPE_ID,FUNCTION_ID) VALUES (5,1,0,25,3);
INSERT INTO XACML.FUNCTIONARGUMENTS (ID,ARG_INDEX,IS_BAG,DATATYPE_ID,FUNCTION_ID) VALUES (6,1,1,12,4);
INSERT INTO XACML.FUNCTIONARGUMENTS (ID,ARG_INDEX,IS_BAG,DATATYPE_ID,FUNCTION_ID) VALUES (7,1,1,25,5);
INSERT INTO XACML.FUNCTIONARGUMENTS (ID,ARG_INDEX,IS_BAG,DATATYPE_ID,FUNCTION_ID) VALUES (8,1,0,26,6);
INSERT INTO XACML.FUNCTIONARGUMENTS (ID,ARG_INDEX,IS_BAG,DATATYPE_ID,FUNCTION_ID) VALUES (9,2,0,26,6);
INSERT INTO XACML.FUNCTIONARGUMENTS (ID,ARG_INDEX,IS_BAG,DATATYPE_ID,FUNCTION_ID) VALUES (10,1,0,26,7);
INSERT INTO XACML.FUNCTIONARGUMENTS (ID,ARG_INDEX,IS_BAG,DATATYPE_ID,FUNCTION_ID) VALUES (11,2,0,26,7);
INSERT INTO XACML.FUNCTIONARGUMENTS (ID,ARG_INDEX,IS_BAG,DATATYPE_ID,FUNCTION_ID) VALUES (12,1,0,26,8);
INSERT INTO XACML.FUNCTIONARGUMENTS (ID,ARG_INDEX,IS_BAG,DATATYPE_ID,FUNCTION_ID) VALUES (13,2,0,26,8);
INSERT INTO XACML.FUNCTIONARGUMENTS (ID,ARG_INDEX,IS_BAG,DATATYPE_ID,FUNCTION_ID) VALUES (14,1,0,26,9);
INSERT INTO XACML.FUNCTIONARGUMENTS (ID,ARG_INDEX,IS_BAG,DATATYPE_ID,FUNCTION_ID) VALUES (15,2,0,26,9);
INSERT INTO XACML.FUNCTIONARGUMENTS (ID,ARG_INDEX,IS_BAG,DATATYPE_ID,FUNCTION_ID) VALUES (16,1,0,26,10);
INSERT INTO XACML.FUNCTIONARGUMENTS (ID,ARG_INDEX,IS_BAG,DATATYPE_ID,FUNCTION_ID) VALUES (17,1,0,26,11);
INSERT INTO XACML.FUNCTIONARGUMENTS (ID,ARG_INDEX,IS_BAG,DATATYPE_ID,FUNCTION_ID) VALUES (18,1,0,18,12);
INSERT INTO XACML.FUNCTIONARGUMENTS (ID,ARG_INDEX,IS_BAG,DATATYPE_ID,FUNCTION_ID) VALUES (19,1,0,26,13);
INSERT INTO XACML.FUNCTIONARGUMENTS (ID,ARG_INDEX,IS_BAG,DATATYPE_ID,FUNCTION_ID) VALUES (20,1,0,12,14);
INSERT INTO XACML.FUNCTIONARGUMENTS (ID,ARG_INDEX,IS_BAG,DATATYPE_ID,FUNCTION_ID) VALUES (21,1,0,26,15);
INSERT INTO XACML.FUNCTIONARGUMENTS (ID,ARG_INDEX,IS_BAG,DATATYPE_ID,FUNCTION_ID) VALUES (22,1,0,25,16);
INSERT INTO XACML.FUNCTIONARGUMENTS (ID,ARG_INDEX,IS_BAG,DATATYPE_ID,FUNCTION_ID) VALUES (23,1,0,26,17);
INSERT INTO XACML.FUNCTIONARGUMENTS (ID,ARG_INDEX,IS_BAG,DATATYPE_ID,FUNCTION_ID) VALUES (24,1,0,16,18);
INSERT INTO XACML.FUNCTIONARGUMENTS (ID,ARG_INDEX,IS_BAG,DATATYPE_ID,FUNCTION_ID) VALUES (25,1,0,26,19);
INSERT INTO XACML.FUNCTIONARGUMENTS (ID,ARG_INDEX,IS_BAG,DATATYPE_ID,FUNCTION_ID) VALUES (26,1,0,21,20);
INSERT INTO XACML.FUNCTIONARGUMENTS (ID,ARG_INDEX,IS_BAG,DATATYPE_ID,FUNCTION_ID) VALUES (27,1,0,26,21);
INSERT INTO XACML.FUNCTIONARGUMENTS (ID,ARG_INDEX,IS_BAG,DATATYPE_ID,FUNCTION_ID) VALUES (28,1,0,19,22);
INSERT INTO XACML.FUNCTIONARGUMENTS (ID,ARG_INDEX,IS_BAG,DATATYPE_ID,FUNCTION_ID) VALUES (29,1,0,26,23);
INSERT INTO XACML.FUNCTIONARGUMENTS (ID,ARG_INDEX,IS_BAG,DATATYPE_ID,FUNCTION_ID) VALUES (30,1,0,27,24);
INSERT INTO XACML.FUNCTIONARGUMENTS (ID,ARG_INDEX,IS_BAG,DATATYPE_ID,FUNCTION_ID) VALUES (31,1,0,26,25);
INSERT INTO XACML.FUNCTIONARGUMENTS (ID,ARG_INDEX,IS_BAG,DATATYPE_ID,FUNCTION_ID) VALUES (32,1,0,15,26);
INSERT INTO XACML.FUNCTIONARGUMENTS (ID,ARG_INDEX,IS_BAG,DATATYPE_ID,FUNCTION_ID) VALUES (33,1,0,26,27);
INSERT INTO XACML.FUNCTIONARGUMENTS (ID,ARG_INDEX,IS_BAG,DATATYPE_ID,FUNCTION_ID) VALUES (34,1,0,23,28);
INSERT INTO XACML.FUNCTIONARGUMENTS (ID,ARG_INDEX,IS_BAG,DATATYPE_ID,FUNCTION_ID) VALUES (35,1,0,26,29);
INSERT INTO XACML.FUNCTIONARGUMENTS (ID,ARG_INDEX,IS_BAG,DATATYPE_ID,FUNCTION_ID) VALUES (36,1,0,14,30);
INSERT INTO XACML.FUNCTIONARGUMENTS (ID,ARG_INDEX,IS_BAG,DATATYPE_ID,FUNCTION_ID) VALUES (37,1,0,26,31);
INSERT INTO XACML.FUNCTIONARGUMENTS (ID,ARG_INDEX,IS_BAG,DATATYPE_ID,FUNCTION_ID) VALUES (38,1,0,20,32);
INSERT INTO XACML.FUNCTIONARGUMENTS (ID,ARG_INDEX,IS_BAG,DATATYPE_ID,FUNCTION_ID) VALUES (39,1,0,26,33);
INSERT INTO XACML.FUNCTIONARGUMENTS (ID,ARG_INDEX,IS_BAG,DATATYPE_ID,FUNCTION_ID) VALUES (40,1,0,22,34);
INSERT INTO XACML.FUNCTIONARGUMENTS (ID,ARG_INDEX,IS_BAG,DATATYPE_ID,FUNCTION_ID) VALUES (41,1,0,26,35);
INSERT INTO XACML.FUNCTIONARGUMENTS (ID,ARG_INDEX,IS_BAG,DATATYPE_ID,FUNCTION_ID) VALUES (42,1,0,17,36);
INSERT INTO XACML.FUNCTIONARGUMENTS (ID,ARG_INDEX,IS_BAG,DATATYPE_ID,FUNCTION_ID) VALUES (43,2,0,27,37);
INSERT INTO XACML.FUNCTIONARGUMENTS (ID,ARG_INDEX,IS_BAG,DATATYPE_ID,FUNCTION_ID) VALUES (44,1,0,26,37);
INSERT INTO XACML.FUNCTIONARGUMENTS (ID,ARG_INDEX,IS_BAG,DATATYPE_ID,FUNCTION_ID) VALUES (45,1,0,26,38);
INSERT INTO XACML.FUNCTIONARGUMENTS (ID,ARG_INDEX,IS_BAG,DATATYPE_ID,FUNCTION_ID) VALUES (46,2,0,27,38);
INSERT INTO XACML.FUNCTIONARGUMENTS (ID,ARG_INDEX,IS_BAG,DATATYPE_ID,FUNCTION_ID) VALUES (47,1,0,26,39);
INSERT INTO XACML.FUNCTIONARGUMENTS (ID,ARG_INDEX,IS_BAG,DATATYPE_ID,FUNCTION_ID) VALUES (48,2,0,26,39);
INSERT INTO XACML.FUNCTIONARGUMENTS (ID,ARG_INDEX,IS_BAG,DATATYPE_ID,FUNCTION_ID) VALUES (49,1,0,26,40);
INSERT INTO XACML.FUNCTIONARGUMENTS (ID,ARG_INDEX,IS_BAG,DATATYPE_ID,FUNCTION_ID) VALUES (50,2,0,27,40);
INSERT INTO XACML.FUNCTIONARGUMENTS (ID,ARG_INDEX,IS_BAG,DATATYPE_ID,FUNCTION_ID) VALUES (51,1,0,26,41);
INSERT INTO XACML.FUNCTIONARGUMENTS (ID,ARG_INDEX,IS_BAG,DATATYPE_ID,FUNCTION_ID) VALUES (52,2,0,12,41);
INSERT INTO XACML.FUNCTIONARGUMENTS (ID,ARG_INDEX,IS_BAG,DATATYPE_ID,FUNCTION_ID) VALUES (53,3,0,12,41);
INSERT INTO XACML.FUNCTIONARGUMENTS (ID,ARG_INDEX,IS_BAG,DATATYPE_ID,FUNCTION_ID) VALUES (54,1,0,27,42);
INSERT INTO XACML.FUNCTIONARGUMENTS (ID,ARG_INDEX,IS_BAG,DATATYPE_ID,FUNCTION_ID) VALUES (55,2,0,12,42);
INSERT INTO XACML.FUNCTIONARGUMENTS (ID,ARG_INDEX,IS_BAG,DATATYPE_ID,FUNCTION_ID) VALUES (56,3,0,12,42);
INSERT INTO XACML.FUNCTIONARGUMENTS (ID,ARG_INDEX,IS_BAG,DATATYPE_ID,FUNCTION_ID) VALUES (57,1,0,18,43);
INSERT INTO XACML.FUNCTIONARGUMENTS (ID,ARG_INDEX,IS_BAG,DATATYPE_ID,FUNCTION_ID) VALUES (58,2,0,18,43);
INSERT INTO XACML.FUNCTIONARGUMENTS (ID,ARG_INDEX,IS_BAG,DATATYPE_ID,FUNCTION_ID) VALUES (59,1,0,12,44);
INSERT INTO XACML.FUNCTIONARGUMENTS (ID,ARG_INDEX,IS_BAG,DATATYPE_ID,FUNCTION_ID) VALUES (60,2,0,12,44);
INSERT INTO XACML.FUNCTIONARGUMENTS (ID,ARG_INDEX,IS_BAG,DATATYPE_ID,FUNCTION_ID) VALUES (61,1,0,25,45);
INSERT INTO XACML.FUNCTIONARGUMENTS (ID,ARG_INDEX,IS_BAG,DATATYPE_ID,FUNCTION_ID) VALUES (62,2,0,25,45);
INSERT INTO XACML.FUNCTIONARGUMENTS (ID,ARG_INDEX,IS_BAG,DATATYPE_ID,FUNCTION_ID) VALUES (63,1,0,21,46);
INSERT INTO XACML.FUNCTIONARGUMENTS (ID,ARG_INDEX,IS_BAG,DATATYPE_ID,FUNCTION_ID) VALUES (64,2,0,21,46);
INSERT INTO XACML.FUNCTIONARGUMENTS (ID,ARG_INDEX,IS_BAG,DATATYPE_ID,FUNCTION_ID) VALUES (65,1,0,16,47);
INSERT INTO XACML.FUNCTIONARGUMENTS (ID,ARG_INDEX,IS_BAG,DATATYPE_ID,FUNCTION_ID) VALUES (66,2,0,16,47);
INSERT INTO XACML.FUNCTIONARGUMENTS (ID,ARG_INDEX,IS_BAG,DATATYPE_ID,FUNCTION_ID) VALUES (67,1,0,19,48);
INSERT INTO XACML.FUNCTIONARGUMENTS (ID,ARG_INDEX,IS_BAG,DATATYPE_ID,FUNCTION_ID) VALUES (68,2,0,19,48);
INSERT INTO XACML.FUNCTIONARGUMENTS (ID,ARG_INDEX,IS_BAG,DATATYPE_ID,FUNCTION_ID) VALUES (69,1,0,15,49);
INSERT INTO XACML.FUNCTIONARGUMENTS (ID,ARG_INDEX,IS_BAG,DATATYPE_ID,FUNCTION_ID) VALUES (70,2,0,15,49);
INSERT INTO XACML.FUNCTIONARGUMENTS (ID,ARG_INDEX,IS_BAG,DATATYPE_ID,FUNCTION_ID) VALUES (71,1,0,23,50);
INSERT INTO XACML.FUNCTIONARGUMENTS (ID,ARG_INDEX,IS_BAG,DATATYPE_ID,FUNCTION_ID) VALUES (72,2,0,23,50);
INSERT INTO XACML.FUNCTIONARGUMENTS (ID,ARG_INDEX,IS_BAG,DATATYPE_ID,FUNCTION_ID) VALUES (73,1,0,27,51);
INSERT INTO XACML.FUNCTIONARGUMENTS (ID,ARG_INDEX,IS_BAG,DATATYPE_ID,FUNCTION_ID) VALUES (74,2,0,27,51);
INSERT INTO XACML.FUNCTIONARGUMENTS (ID,ARG_INDEX,IS_BAG,DATATYPE_ID,FUNCTION_ID) VALUES (75,1,0,14,52);
INSERT INTO XACML.FUNCTIONARGUMENTS (ID,ARG_INDEX,IS_BAG,DATATYPE_ID,FUNCTION_ID) VALUES (76,2,0,14,52);
INSERT INTO XACML.FUNCTIONARGUMENTS (ID,ARG_INDEX,IS_BAG,DATATYPE_ID,FUNCTION_ID) VALUES (77,1,0,20,53);
INSERT INTO XACML.FUNCTIONARGUMENTS (ID,ARG_INDEX,IS_BAG,DATATYPE_ID,FUNCTION_ID) VALUES (78,2,0,20,53);
INSERT INTO XACML.FUNCTIONARGUMENTS (ID,ARG_INDEX,IS_BAG,DATATYPE_ID,FUNCTION_ID) VALUES (79,1,0,24,54);
INSERT INTO XACML.FUNCTIONARGUMENTS (ID,ARG_INDEX,IS_BAG,DATATYPE_ID,FUNCTION_ID) VALUES (80,2,0,24,54);
INSERT INTO XACML.FUNCTIONARGUMENTS (ID,ARG_INDEX,IS_BAG,DATATYPE_ID,FUNCTION_ID) VALUES (81,1,0,13,55);
INSERT INTO XACML.FUNCTIONARGUMENTS (ID,ARG_INDEX,IS_BAG,DATATYPE_ID,FUNCTION_ID) VALUES (82,2,0,13,55);
INSERT INTO XACML.FUNCTIONARGUMENTS (ID,ARG_INDEX,IS_BAG,DATATYPE_ID,FUNCTION_ID) VALUES (83,1,0,12,56);
INSERT INTO XACML.FUNCTIONARGUMENTS (ID,ARG_INDEX,IS_BAG,DATATYPE_ID,FUNCTION_ID) VALUES (84,2,0,12,56);
INSERT INTO XACML.FUNCTIONARGUMENTS (ID,ARG_INDEX,IS_BAG,DATATYPE_ID,FUNCTION_ID) VALUES (85,1,0,25,57);
INSERT INTO XACML.FUNCTIONARGUMENTS (ID,ARG_INDEX,IS_BAG,DATATYPE_ID,FUNCTION_ID) VALUES (86,2,0,25,57);
INSERT INTO XACML.FUNCTIONARGUMENTS (ID,ARG_INDEX,IS_BAG,DATATYPE_ID,FUNCTION_ID) VALUES (89,1,0,25,58);
INSERT INTO XACML.FUNCTIONARGUMENTS (ID,ARG_INDEX,IS_BAG,DATATYPE_ID,FUNCTION_ID) VALUES (90,2,0,25,58);
INSERT INTO XACML.FUNCTIONARGUMENTS (ID,ARG_INDEX,IS_BAG,DATATYPE_ID,FUNCTION_ID) VALUES (91,1,0,12,59);
INSERT INTO XACML.FUNCTIONARGUMENTS (ID,ARG_INDEX,IS_BAG,DATATYPE_ID,FUNCTION_ID) VALUES (92,2,0,12,59);
INSERT INTO XACML.FUNCTIONARGUMENTS (ID,ARG_INDEX,IS_BAG,DATATYPE_ID,FUNCTION_ID) VALUES (93,1,0,25,60);
INSERT INTO XACML.FUNCTIONARGUMENTS (ID,ARG_INDEX,IS_BAG,DATATYPE_ID,FUNCTION_ID) VALUES (94,2,0,25,60);
INSERT INTO XACML.FUNCTIONARGUMENTS (ID,ARG_INDEX,IS_BAG,DATATYPE_ID,FUNCTION_ID) VALUES (95,1,0,12,61);
INSERT INTO XACML.FUNCTIONARGUMENTS (ID,ARG_INDEX,IS_BAG,DATATYPE_ID,FUNCTION_ID) VALUES (96,2,0,12,61);
INSERT INTO XACML.FUNCTIONARGUMENTS (ID,ARG_INDEX,IS_BAG,DATATYPE_ID,FUNCTION_ID) VALUES (97,1,0,25,62);
INSERT INTO XACML.FUNCTIONARGUMENTS (ID,ARG_INDEX,IS_BAG,DATATYPE_ID,FUNCTION_ID) VALUES (98,2,0,25,62);
INSERT INTO XACML.FUNCTIONARGUMENTS (ID,ARG_INDEX,IS_BAG,DATATYPE_ID,FUNCTION_ID) VALUES (99,1,0,12,63);
INSERT INTO XACML.FUNCTIONARGUMENTS (ID,ARG_INDEX,IS_BAG,DATATYPE_ID,FUNCTION_ID) VALUES (100,2,0,12,63);
INSERT INTO XACML.FUNCTIONARGUMENTS (ID,ARG_INDEX,IS_BAG,DATATYPE_ID,FUNCTION_ID) VALUES (101,1,0,12,64);
INSERT INTO XACML.FUNCTIONARGUMENTS (ID,ARG_INDEX,IS_BAG,DATATYPE_ID,FUNCTION_ID) VALUES (102,1,0,25,65);
INSERT INTO XACML.FUNCTIONARGUMENTS (ID,ARG_INDEX,IS_BAG,DATATYPE_ID,FUNCTION_ID) VALUES (103,1,0,25,66);
INSERT INTO XACML.FUNCTIONARGUMENTS (ID,ARG_INDEX,IS_BAG,DATATYPE_ID,FUNCTION_ID) VALUES (104,1,0,25,67);
INSERT INTO XACML.FUNCTIONARGUMENTS (ID,ARG_INDEX,IS_BAG,DATATYPE_ID,FUNCTION_ID) VALUES (125,1,0,26,68);
INSERT INTO XACML.FUNCTIONARGUMENTS (ID,ARG_INDEX,IS_BAG,DATATYPE_ID,FUNCTION_ID) VALUES (126,1,0,26,69);
INSERT INTO XACML.FUNCTIONARGUMENTS (ID,ARG_INDEX,IS_BAG,DATATYPE_ID,FUNCTION_ID) VALUES (128,1,0,12,70);
INSERT INTO XACML.FUNCTIONARGUMENTS (ID,ARG_INDEX,IS_BAG,DATATYPE_ID,FUNCTION_ID) VALUES (129,1,0,12,71);
INSERT INTO XACML.FUNCTIONARGUMENTS (ID,ARG_INDEX,IS_BAG,DATATYPE_ID,FUNCTION_ID) VALUES (130,2,0,12,71);
INSERT INTO XACML.FUNCTIONARGUMENTS (ID,ARG_INDEX,IS_BAG,DATATYPE_ID,FUNCTION_ID) VALUES (131,1,0,12,72);
INSERT INTO XACML.FUNCTIONARGUMENTS (ID,ARG_INDEX,IS_BAG,DATATYPE_ID,FUNCTION_ID) VALUES (132,2,0,12,72);
INSERT INTO XACML.FUNCTIONARGUMENTS (ID,ARG_INDEX,IS_BAG,DATATYPE_ID,FUNCTION_ID) VALUES (133,1,0,12,73);
INSERT INTO XACML.FUNCTIONARGUMENTS (ID,ARG_INDEX,IS_BAG,DATATYPE_ID,FUNCTION_ID) VALUES (134,2,0,12,73);
INSERT INTO XACML.FUNCTIONARGUMENTS (ID,ARG_INDEX,IS_BAG,DATATYPE_ID,FUNCTION_ID) VALUES (135,1,0,25,74);
INSERT INTO XACML.FUNCTIONARGUMENTS (ID,ARG_INDEX,IS_BAG,DATATYPE_ID,FUNCTION_ID) VALUES (136,2,0,25,74);
INSERT INTO XACML.FUNCTIONARGUMENTS (ID,ARG_INDEX,IS_BAG,DATATYPE_ID,FUNCTION_ID) VALUES (137,1,0,25,75);
INSERT INTO XACML.FUNCTIONARGUMENTS (ID,ARG_INDEX,IS_BAG,DATATYPE_ID,FUNCTION_ID) VALUES (138,2,0,25,75);
INSERT INTO XACML.FUNCTIONARGUMENTS (ID,ARG_INDEX,IS_BAG,DATATYPE_ID,FUNCTION_ID) VALUES (139,1,0,25,76);
INSERT INTO XACML.FUNCTIONARGUMENTS (ID,ARG_INDEX,IS_BAG,DATATYPE_ID,FUNCTION_ID) VALUES (140,2,0,25,76);
INSERT INTO XACML.FUNCTIONARGUMENTS (ID,ARG_INDEX,IS_BAG,DATATYPE_ID,FUNCTION_ID) VALUES (141,1,0,25,77);
INSERT INTO XACML.FUNCTIONARGUMENTS (ID,ARG_INDEX,IS_BAG,DATATYPE_ID,FUNCTION_ID) VALUES (142,2,0,25,77);
INSERT INTO XACML.FUNCTIONARGUMENTS (ID,ARG_INDEX,IS_BAG,DATATYPE_ID,FUNCTION_ID) VALUES (143,1,0,19,78);
INSERT INTO XACML.FUNCTIONARGUMENTS (ID,ARG_INDEX,IS_BAG,DATATYPE_ID,FUNCTION_ID) VALUES (144,2,0,15,78);
INSERT INTO XACML.FUNCTIONARGUMENTS (ID,ARG_INDEX,IS_BAG,DATATYPE_ID,FUNCTION_ID) VALUES (145,1,0,19,79);
INSERT INTO XACML.FUNCTIONARGUMENTS (ID,ARG_INDEX,IS_BAG,DATATYPE_ID,FUNCTION_ID) VALUES (146,2,0,23,79);
INSERT INTO XACML.FUNCTIONARGUMENTS (ID,ARG_INDEX,IS_BAG,DATATYPE_ID,FUNCTION_ID) VALUES (147,1,0,19,80);
INSERT INTO XACML.FUNCTIONARGUMENTS (ID,ARG_INDEX,IS_BAG,DATATYPE_ID,FUNCTION_ID) VALUES (148,2,0,15,80);
INSERT INTO XACML.FUNCTIONARGUMENTS (ID,ARG_INDEX,IS_BAG,DATATYPE_ID,FUNCTION_ID) VALUES (149,1,0,19,81);
INSERT INTO XACML.FUNCTIONARGUMENTS (ID,ARG_INDEX,IS_BAG,DATATYPE_ID,FUNCTION_ID) VALUES (150,2,0,23,81);
INSERT INTO XACML.FUNCTIONARGUMENTS (ID,ARG_INDEX,IS_BAG,DATATYPE_ID,FUNCTION_ID) VALUES (151,1,0,21,82);
INSERT INTO XACML.FUNCTIONARGUMENTS (ID,ARG_INDEX,IS_BAG,DATATYPE_ID,FUNCTION_ID) VALUES (152,2,0,23,82);
INSERT INTO XACML.FUNCTIONARGUMENTS (ID,ARG_INDEX,IS_BAG,DATATYPE_ID,FUNCTION_ID) VALUES (153,1,0,21,83);
INSERT INTO XACML.FUNCTIONARGUMENTS (ID,ARG_INDEX,IS_BAG,DATATYPE_ID,FUNCTION_ID) VALUES (154,2,0,23,83);
INSERT INTO XACML.FUNCTIONARGUMENTS (ID,ARG_INDEX,IS_BAG,DATATYPE_ID,FUNCTION_ID) VALUES (155,1,0,26,84);
INSERT INTO XACML.FUNCTIONARGUMENTS (ID,ARG_INDEX,IS_BAG,DATATYPE_ID,FUNCTION_ID) VALUES (156,2,0,26,84);
INSERT INTO XACML.FUNCTIONARGUMENTS (ID,ARG_INDEX,IS_BAG,DATATYPE_ID,FUNCTION_ID) VALUES (157,1,0,26,85);
INSERT INTO XACML.FUNCTIONARGUMENTS (ID,ARG_INDEX,IS_BAG,DATATYPE_ID,FUNCTION_ID) VALUES (158,2,0,26,85);
INSERT INTO XACML.FUNCTIONARGUMENTS (ID,ARG_INDEX,IS_BAG,DATATYPE_ID,FUNCTION_ID) VALUES (159,1,0,26,86);
INSERT INTO XACML.FUNCTIONARGUMENTS (ID,ARG_INDEX,IS_BAG,DATATYPE_ID,FUNCTION_ID) VALUES (160,2,0,26,86);
INSERT INTO XACML.FUNCTIONARGUMENTS (ID,ARG_INDEX,IS_BAG,DATATYPE_ID,FUNCTION_ID) VALUES (161,1,0,26,87);
INSERT INTO XACML.FUNCTIONARGUMENTS (ID,ARG_INDEX,IS_BAG,DATATYPE_ID,FUNCTION_ID) VALUES (162,2,0,26,87);
INSERT INTO XACML.FUNCTIONARGUMENTS (ID,ARG_INDEX,IS_BAG,DATATYPE_ID,FUNCTION_ID) VALUES (163,1,0,16,88);
INSERT INTO XACML.FUNCTIONARGUMENTS (ID,ARG_INDEX,IS_BAG,DATATYPE_ID,FUNCTION_ID) VALUES (164,2,0,16,88);
INSERT INTO XACML.FUNCTIONARGUMENTS (ID,ARG_INDEX,IS_BAG,DATATYPE_ID,FUNCTION_ID) VALUES (165,1,0,16,89);
INSERT INTO XACML.FUNCTIONARGUMENTS (ID,ARG_INDEX,IS_BAG,DATATYPE_ID,FUNCTION_ID) VALUES (166,2,0,16,89);
INSERT INTO XACML.FUNCTIONARGUMENTS (ID,ARG_INDEX,IS_BAG,DATATYPE_ID,FUNCTION_ID) VALUES (167,1,0,16,90);
INSERT INTO XACML.FUNCTIONARGUMENTS (ID,ARG_INDEX,IS_BAG,DATATYPE_ID,FUNCTION_ID) VALUES (168,2,0,16,90);
INSERT INTO XACML.FUNCTIONARGUMENTS (ID,ARG_INDEX,IS_BAG,DATATYPE_ID,FUNCTION_ID) VALUES (169,1,0,16,91);
INSERT INTO XACML.FUNCTIONARGUMENTS (ID,ARG_INDEX,IS_BAG,DATATYPE_ID,FUNCTION_ID) VALUES (170,2,0,16,91);
INSERT INTO XACML.FUNCTIONARGUMENTS (ID,ARG_INDEX,IS_BAG,DATATYPE_ID,FUNCTION_ID) VALUES (171,1,0,16,92);
INSERT INTO XACML.FUNCTIONARGUMENTS (ID,ARG_INDEX,IS_BAG,DATATYPE_ID,FUNCTION_ID) VALUES (172,2,0,16,92);
INSERT INTO XACML.FUNCTIONARGUMENTS (ID,ARG_INDEX,IS_BAG,DATATYPE_ID,FUNCTION_ID) VALUES (173,1,0,19,93);
INSERT INTO XACML.FUNCTIONARGUMENTS (ID,ARG_INDEX,IS_BAG,DATATYPE_ID,FUNCTION_ID) VALUES (174,2,0,19,93);
INSERT INTO XACML.FUNCTIONARGUMENTS (ID,ARG_INDEX,IS_BAG,DATATYPE_ID,FUNCTION_ID) VALUES (175,1,0,19,94);
INSERT INTO XACML.FUNCTIONARGUMENTS (ID,ARG_INDEX,IS_BAG,DATATYPE_ID,FUNCTION_ID) VALUES (176,2,0,19,94);
INSERT INTO XACML.FUNCTIONARGUMENTS (ID,ARG_INDEX,IS_BAG,DATATYPE_ID,FUNCTION_ID) VALUES (177,1,0,19,95);
INSERT INTO XACML.FUNCTIONARGUMENTS (ID,ARG_INDEX,IS_BAG,DATATYPE_ID,FUNCTION_ID) VALUES (178,2,0,19,95);
INSERT INTO XACML.FUNCTIONARGUMENTS (ID,ARG_INDEX,IS_BAG,DATATYPE_ID,FUNCTION_ID) VALUES (179,1,0,19,96);
INSERT INTO XACML.FUNCTIONARGUMENTS (ID,ARG_INDEX,IS_BAG,DATATYPE_ID,FUNCTION_ID) VALUES (180,2,0,19,96);
INSERT INTO XACML.FUNCTIONARGUMENTS (ID,ARG_INDEX,IS_BAG,DATATYPE_ID,FUNCTION_ID) VALUES (181,1,0,21,97);
INSERT INTO XACML.FUNCTIONARGUMENTS (ID,ARG_INDEX,IS_BAG,DATATYPE_ID,FUNCTION_ID) VALUES (182,2,0,21,97);
INSERT INTO XACML.FUNCTIONARGUMENTS (ID,ARG_INDEX,IS_BAG,DATATYPE_ID,FUNCTION_ID) VALUES (183,1,0,21,98);
INSERT INTO XACML.FUNCTIONARGUMENTS (ID,ARG_INDEX,IS_BAG,DATATYPE_ID,FUNCTION_ID) VALUES (184,2,0,21,98);
INSERT INTO XACML.FUNCTIONARGUMENTS (ID,ARG_INDEX,IS_BAG,DATATYPE_ID,FUNCTION_ID) VALUES (185,2,0,21,99);
INSERT INTO XACML.FUNCTIONARGUMENTS (ID,ARG_INDEX,IS_BAG,DATATYPE_ID,FUNCTION_ID) VALUES (186,1,0,21,99);
INSERT INTO XACML.FUNCTIONARGUMENTS (ID,ARG_INDEX,IS_BAG,DATATYPE_ID,FUNCTION_ID) VALUES (187,2,0,21,100);
INSERT INTO XACML.FUNCTIONARGUMENTS (ID,ARG_INDEX,IS_BAG,DATATYPE_ID,FUNCTION_ID) VALUES (188,1,0,21,100);
INSERT INTO XACML.FUNCTIONARGUMENTS (ID,ARG_INDEX,IS_BAG,DATATYPE_ID,FUNCTION_ID) VALUES (189,1,1,26,101);
INSERT INTO XACML.FUNCTIONARGUMENTS (ID,ARG_INDEX,IS_BAG,DATATYPE_ID,FUNCTION_ID) VALUES (190,1,1,26,102);
INSERT INTO XACML.FUNCTIONARGUMENTS (ID,ARG_INDEX,IS_BAG,DATATYPE_ID,FUNCTION_ID) VALUES (191,1,0,26,103);
INSERT INTO XACML.FUNCTIONARGUMENTS (ID,ARG_INDEX,IS_BAG,DATATYPE_ID,FUNCTION_ID) VALUES (192,2,1,26,103);
INSERT INTO XACML.FUNCTIONARGUMENTS (ID,ARG_INDEX,IS_BAG,DATATYPE_ID,FUNCTION_ID) VALUES (193,1,0,26,104);
INSERT INTO XACML.FUNCTIONARGUMENTS (ID,ARG_INDEX,IS_BAG,DATATYPE_ID,FUNCTION_ID) VALUES (194,1,1,12,105);
INSERT INTO XACML.FUNCTIONARGUMENTS (ID,ARG_INDEX,IS_BAG,DATATYPE_ID,FUNCTION_ID) VALUES (195,1,0,12,106);
INSERT INTO XACML.FUNCTIONARGUMENTS (ID,ARG_INDEX,IS_BAG,DATATYPE_ID,FUNCTION_ID) VALUES (196,2,1,12,106);
INSERT INTO XACML.FUNCTIONARGUMENTS (ID,ARG_INDEX,IS_BAG,DATATYPE_ID,FUNCTION_ID) VALUES (197,1,0,12,107);
INSERT INTO XACML.FUNCTIONARGUMENTS (ID,ARG_INDEX,IS_BAG,DATATYPE_ID,FUNCTION_ID) VALUES (198,1,1,25,108);
INSERT INTO XACML.FUNCTIONARGUMENTS (ID,ARG_INDEX,IS_BAG,DATATYPE_ID,FUNCTION_ID) VALUES (199,1,0,25,109);
INSERT INTO XACML.FUNCTIONARGUMENTS (ID,ARG_INDEX,IS_BAG,DATATYPE_ID,FUNCTION_ID) VALUES (200,2,1,25,109);
INSERT INTO XACML.FUNCTIONARGUMENTS (ID,ARG_INDEX,IS_BAG,DATATYPE_ID,FUNCTION_ID) VALUES (201,1,0,25,110);
INSERT INTO XACML.FUNCTIONARGUMENTS (ID,ARG_INDEX,IS_BAG,DATATYPE_ID,FUNCTION_ID) VALUES (202,1,1,18,111);
INSERT INTO XACML.FUNCTIONARGUMENTS (ID,ARG_INDEX,IS_BAG,DATATYPE_ID,FUNCTION_ID) VALUES (203,1,1,18,112);
INSERT INTO XACML.FUNCTIONARGUMENTS (ID,ARG_INDEX,IS_BAG,DATATYPE_ID,FUNCTION_ID) VALUES (204,1,0,18,113);
INSERT INTO XACML.FUNCTIONARGUMENTS (ID,ARG_INDEX,IS_BAG,DATATYPE_ID,FUNCTION_ID) VALUES (205,2,1,18,113);
INSERT INTO XACML.FUNCTIONARGUMENTS (ID,ARG_INDEX,IS_BAG,DATATYPE_ID,FUNCTION_ID) VALUES (206,1,0,18,114);
INSERT INTO XACML.FUNCTIONARGUMENTS (ID,ARG_INDEX,IS_BAG,DATATYPE_ID,FUNCTION_ID) VALUES (207,1,1,16,115);
INSERT INTO XACML.FUNCTIONARGUMENTS (ID,ARG_INDEX,IS_BAG,DATATYPE_ID,FUNCTION_ID) VALUES (208,1,1,16,116);
INSERT INTO XACML.FUNCTIONARGUMENTS (ID,ARG_INDEX,IS_BAG,DATATYPE_ID,FUNCTION_ID) VALUES (209,1,0,16,117);
INSERT INTO XACML.FUNCTIONARGUMENTS (ID,ARG_INDEX,IS_BAG,DATATYPE_ID,FUNCTION_ID) VALUES (210,2,1,16,117);
INSERT INTO XACML.FUNCTIONARGUMENTS (ID,ARG_INDEX,IS_BAG,DATATYPE_ID,FUNCTION_ID) VALUES (211,1,0,16,118);
INSERT INTO XACML.FUNCTIONARGUMENTS (ID,ARG_INDEX,IS_BAG,DATATYPE_ID,FUNCTION_ID) VALUES (212,1,1,21,119);
INSERT INTO XACML.FUNCTIONARGUMENTS (ID,ARG_INDEX,IS_BAG,DATATYPE_ID,FUNCTION_ID) VALUES (213,1,1,21,120);
INSERT INTO XACML.FUNCTIONARGUMENTS (ID,ARG_INDEX,IS_BAG,DATATYPE_ID,FUNCTION_ID) VALUES (214,1,0,21,121);
INSERT INTO XACML.FUNCTIONARGUMENTS (ID,ARG_INDEX,IS_BAG,DATATYPE_ID,FUNCTION_ID) VALUES (215,2,1,21,121);
INSERT INTO XACML.FUNCTIONARGUMENTS (ID,ARG_INDEX,IS_BAG,DATATYPE_ID,FUNCTION_ID) VALUES (216,1,0,21,122);
INSERT INTO XACML.FUNCTIONARGUMENTS (ID,ARG_INDEX,IS_BAG,DATATYPE_ID,FUNCTION_ID) VALUES (217,1,1,19,123);
INSERT INTO XACML.FUNCTIONARGUMENTS (ID,ARG_INDEX,IS_BAG,DATATYPE_ID,FUNCTION_ID) VALUES (218,1,1,19,124);
INSERT INTO XACML.FUNCTIONARGUMENTS (ID,ARG_INDEX,IS_BAG,DATATYPE_ID,FUNCTION_ID) VALUES (219,1,0,19,125);
INSERT INTO XACML.FUNCTIONARGUMENTS (ID,ARG_INDEX,IS_BAG,DATATYPE_ID,FUNCTION_ID) VALUES (220,2,1,19,125);
INSERT INTO XACML.FUNCTIONARGUMENTS (ID,ARG_INDEX,IS_BAG,DATATYPE_ID,FUNCTION_ID) VALUES (221,1,0,19,126);
INSERT INTO XACML.FUNCTIONARGUMENTS (ID,ARG_INDEX,IS_BAG,DATATYPE_ID,FUNCTION_ID) VALUES (222,1,1,27,127);
INSERT INTO XACML.FUNCTIONARGUMENTS (ID,ARG_INDEX,IS_BAG,DATATYPE_ID,FUNCTION_ID) VALUES (223,1,1,27,128);
INSERT INTO XACML.FUNCTIONARGUMENTS (ID,ARG_INDEX,IS_BAG,DATATYPE_ID,FUNCTION_ID) VALUES (224,1,0,27,129);
INSERT INTO XACML.FUNCTIONARGUMENTS (ID,ARG_INDEX,IS_BAG,DATATYPE_ID,FUNCTION_ID) VALUES (225,2,1,27,129);
INSERT INTO XACML.FUNCTIONARGUMENTS (ID,ARG_INDEX,IS_BAG,DATATYPE_ID,FUNCTION_ID) VALUES (226,1,0,27,130);
INSERT INTO XACML.FUNCTIONARGUMENTS (ID,ARG_INDEX,IS_BAG,DATATYPE_ID,FUNCTION_ID) VALUES (227,1,1,24,131);
INSERT INTO XACML.FUNCTIONARGUMENTS (ID,ARG_INDEX,IS_BAG,DATATYPE_ID,FUNCTION_ID) VALUES (228,1,1,24,132);
INSERT INTO XACML.FUNCTIONARGUMENTS (ID,ARG_INDEX,IS_BAG,DATATYPE_ID,FUNCTION_ID) VALUES (229,1,0,24,133);
INSERT INTO XACML.FUNCTIONARGUMENTS (ID,ARG_INDEX,IS_BAG,DATATYPE_ID,FUNCTION_ID) VALUES (230,2,1,24,133);
INSERT INTO XACML.FUNCTIONARGUMENTS (ID,ARG_INDEX,IS_BAG,DATATYPE_ID,FUNCTION_ID) VALUES (231,1,0,24,134);
INSERT INTO XACML.FUNCTIONARGUMENTS (ID,ARG_INDEX,IS_BAG,DATATYPE_ID,FUNCTION_ID) VALUES (232,1,1,13,135);
INSERT INTO XACML.FUNCTIONARGUMENTS (ID,ARG_INDEX,IS_BAG,DATATYPE_ID,FUNCTION_ID) VALUES (233,1,1,13,136);
INSERT INTO XACML.FUNCTIONARGUMENTS (ID,ARG_INDEX,IS_BAG,DATATYPE_ID,FUNCTION_ID) VALUES (234,1,0,13,137);
INSERT INTO XACML.FUNCTIONARGUMENTS (ID,ARG_INDEX,IS_BAG,DATATYPE_ID,FUNCTION_ID) VALUES (235,2,1,13,137);
INSERT INTO XACML.FUNCTIONARGUMENTS (ID,ARG_INDEX,IS_BAG,DATATYPE_ID,FUNCTION_ID) VALUES (236,1,0,13,138);
INSERT INTO XACML.FUNCTIONARGUMENTS (ID,ARG_INDEX,IS_BAG,DATATYPE_ID,FUNCTION_ID) VALUES (237,1,1,15,139);
INSERT INTO XACML.FUNCTIONARGUMENTS (ID,ARG_INDEX,IS_BAG,DATATYPE_ID,FUNCTION_ID) VALUES (238,1,1,15,140);
INSERT INTO XACML.FUNCTIONARGUMENTS (ID,ARG_INDEX,IS_BAG,DATATYPE_ID,FUNCTION_ID) VALUES (239,1,0,15,141);
INSERT INTO XACML.FUNCTIONARGUMENTS (ID,ARG_INDEX,IS_BAG,DATATYPE_ID,FUNCTION_ID) VALUES (240,2,1,15,141);
INSERT INTO XACML.FUNCTIONARGUMENTS (ID,ARG_INDEX,IS_BAG,DATATYPE_ID,FUNCTION_ID) VALUES (241,1,0,15,142);
INSERT INTO XACML.FUNCTIONARGUMENTS (ID,ARG_INDEX,IS_BAG,DATATYPE_ID,FUNCTION_ID) VALUES (242,1,1,23,143);
INSERT INTO XACML.FUNCTIONARGUMENTS (ID,ARG_INDEX,IS_BAG,DATATYPE_ID,FUNCTION_ID) VALUES (243,1,1,23,144);
INSERT INTO XACML.FUNCTIONARGUMENTS (ID,ARG_INDEX,IS_BAG,DATATYPE_ID,FUNCTION_ID) VALUES (244,2,1,23,145);
INSERT INTO XACML.FUNCTIONARGUMENTS (ID,ARG_INDEX,IS_BAG,DATATYPE_ID,FUNCTION_ID) VALUES (245,1,0,23,145);
INSERT INTO XACML.FUNCTIONARGUMENTS (ID,ARG_INDEX,IS_BAG,DATATYPE_ID,FUNCTION_ID) VALUES (246,1,0,23,146);
INSERT INTO XACML.FUNCTIONARGUMENTS (ID,ARG_INDEX,IS_BAG,DATATYPE_ID,FUNCTION_ID) VALUES (247,1,1,14,147);
INSERT INTO XACML.FUNCTIONARGUMENTS (ID,ARG_INDEX,IS_BAG,DATATYPE_ID,FUNCTION_ID) VALUES (248,1,1,14,148);
INSERT INTO XACML.FUNCTIONARGUMENTS (ID,ARG_INDEX,IS_BAG,DATATYPE_ID,FUNCTION_ID) VALUES (249,1,0,14,149);
INSERT INTO XACML.FUNCTIONARGUMENTS (ID,ARG_INDEX,IS_BAG,DATATYPE_ID,FUNCTION_ID) VALUES (250,2,1,14,149);
INSERT INTO XACML.FUNCTIONARGUMENTS (ID,ARG_INDEX,IS_BAG,DATATYPE_ID,FUNCTION_ID) VALUES (251,1,0,14,150);
INSERT INTO XACML.FUNCTIONARGUMENTS (ID,ARG_INDEX,IS_BAG,DATATYPE_ID,FUNCTION_ID) VALUES (252,1,1,20,151);
INSERT INTO XACML.FUNCTIONARGUMENTS (ID,ARG_INDEX,IS_BAG,DATATYPE_ID,FUNCTION_ID) VALUES (253,1,1,20,152);
INSERT INTO XACML.FUNCTIONARGUMENTS (ID,ARG_INDEX,IS_BAG,DATATYPE_ID,FUNCTION_ID) VALUES (254,1,0,20,153);
INSERT INTO XACML.FUNCTIONARGUMENTS (ID,ARG_INDEX,IS_BAG,DATATYPE_ID,FUNCTION_ID) VALUES (255,2,1,20,153);
INSERT INTO XACML.FUNCTIONARGUMENTS (ID,ARG_INDEX,IS_BAG,DATATYPE_ID,FUNCTION_ID) VALUES (256,1,0,20,154);
INSERT INTO XACML.FUNCTIONARGUMENTS (ID,ARG_INDEX,IS_BAG,DATATYPE_ID,FUNCTION_ID) VALUES (257,1,1,22,155);
INSERT INTO XACML.FUNCTIONARGUMENTS (ID,ARG_INDEX,IS_BAG,DATATYPE_ID,FUNCTION_ID) VALUES (258,1,1,22,156);
INSERT INTO XACML.FUNCTIONARGUMENTS (ID,ARG_INDEX,IS_BAG,DATATYPE_ID,FUNCTION_ID) VALUES (259,1,0,22,157);
INSERT INTO XACML.FUNCTIONARGUMENTS (ID,ARG_INDEX,IS_BAG,DATATYPE_ID,FUNCTION_ID) VALUES (260,2,1,22,157);
INSERT INTO XACML.FUNCTIONARGUMENTS (ID,ARG_INDEX,IS_BAG,DATATYPE_ID,FUNCTION_ID) VALUES (261,1,0,22,158);
INSERT INTO XACML.FUNCTIONARGUMENTS (ID,ARG_INDEX,IS_BAG,DATATYPE_ID,FUNCTION_ID) VALUES (262,1,1,17,159);
INSERT INTO XACML.FUNCTIONARGUMENTS (ID,ARG_INDEX,IS_BAG,DATATYPE_ID,FUNCTION_ID) VALUES (263,1,1,17,160);
INSERT INTO XACML.FUNCTIONARGUMENTS (ID,ARG_INDEX,IS_BAG,DATATYPE_ID,FUNCTION_ID) VALUES (264,1,0,17,161);
INSERT INTO XACML.FUNCTIONARGUMENTS (ID,ARG_INDEX,IS_BAG,DATATYPE_ID,FUNCTION_ID) VALUES (265,2,1,17,161);
INSERT INTO XACML.FUNCTIONARGUMENTS (ID,ARG_INDEX,IS_BAG,DATATYPE_ID,FUNCTION_ID) VALUES (266,1,0,17,162);
INSERT INTO XACML.FUNCTIONARGUMENTS (ID,ARG_INDEX,IS_BAG,DATATYPE_ID,FUNCTION_ID) VALUES (267,1,0,26,163);
INSERT INTO XACML.FUNCTIONARGUMENTS (ID,ARG_INDEX,IS_BAG,DATATYPE_ID,FUNCTION_ID) VALUES (268,2,0,26,163);
INSERT INTO XACML.FUNCTIONARGUMENTS (ID,ARG_INDEX,IS_BAG,DATATYPE_ID,FUNCTION_ID) VALUES (269,1,0,26,164);
INSERT INTO XACML.FUNCTIONARGUMENTS (ID,ARG_INDEX,IS_BAG,DATATYPE_ID,FUNCTION_ID) VALUES (270,2,0,27,164);
INSERT INTO XACML.FUNCTIONARGUMENTS (ID,ARG_INDEX,IS_BAG,DATATYPE_ID,FUNCTION_ID) VALUES (271,1,0,26,165);
INSERT INTO XACML.FUNCTIONARGUMENTS (ID,ARG_INDEX,IS_BAG,DATATYPE_ID,FUNCTION_ID) VALUES (272,2,0,22,165);
INSERT INTO XACML.FUNCTIONARGUMENTS (ID,ARG_INDEX,IS_BAG,DATATYPE_ID,FUNCTION_ID) VALUES (273,1,0,26,166);
INSERT INTO XACML.FUNCTIONARGUMENTS (ID,ARG_INDEX,IS_BAG,DATATYPE_ID,FUNCTION_ID) VALUES (274,2,0,17,166);
INSERT INTO XACML.FUNCTIONARGUMENTS (ID,ARG_INDEX,IS_BAG,DATATYPE_ID,FUNCTION_ID) VALUES (275,1,0,26,167);
INSERT INTO XACML.FUNCTIONARGUMENTS (ID,ARG_INDEX,IS_BAG,DATATYPE_ID,FUNCTION_ID) VALUES (276,2,0,20,167);
INSERT INTO XACML.FUNCTIONARGUMENTS (ID,ARG_INDEX,IS_BAG,DATATYPE_ID,FUNCTION_ID) VALUES (277,1,0,26,168);
INSERT INTO XACML.FUNCTIONARGUMENTS (ID,ARG_INDEX,IS_BAG,DATATYPE_ID,FUNCTION_ID) VALUES (278,2,0,14,168);
INSERT INTO XACML.FUNCTIONARGUMENTS (ID,ARG_INDEX,IS_BAG,DATATYPE_ID,FUNCTION_ID) VALUES (279,1,1,26,169);
INSERT INTO XACML.FUNCTIONARGUMENTS (ID,ARG_INDEX,IS_BAG,DATATYPE_ID,FUNCTION_ID) VALUES (280,2,1,26,169);
INSERT INTO XACML.FUNCTIONARGUMENTS (ID,ARG_INDEX,IS_BAG,DATATYPE_ID,FUNCTION_ID) VALUES (281,1,1,26,170);
INSERT INTO XACML.FUNCTIONARGUMENTS (ID,ARG_INDEX,IS_BAG,DATATYPE_ID,FUNCTION_ID) VALUES (282,2,1,26,170);
INSERT INTO XACML.FUNCTIONARGUMENTS (ID,ARG_INDEX,IS_BAG,DATATYPE_ID,FUNCTION_ID) VALUES (283,1,1,26,171);
INSERT INTO XACML.FUNCTIONARGUMENTS (ID,ARG_INDEX,IS_BAG,DATATYPE_ID,FUNCTION_ID) VALUES (284,1,1,26,172);
INSERT INTO XACML.FUNCTIONARGUMENTS (ID,ARG_INDEX,IS_BAG,DATATYPE_ID,FUNCTION_ID) VALUES (285,2,1,26,172);
INSERT INTO XACML.FUNCTIONARGUMENTS (ID,ARG_INDEX,IS_BAG,DATATYPE_ID,FUNCTION_ID) VALUES (286,1,1,26,173);
INSERT INTO XACML.FUNCTIONARGUMENTS (ID,ARG_INDEX,IS_BAG,DATATYPE_ID,FUNCTION_ID) VALUES (287,2,1,26,173);
INSERT INTO XACML.FUNCTIONARGUMENTS (ID,ARG_INDEX,IS_BAG,DATATYPE_ID,FUNCTION_ID) VALUES (288,2,1,12,174);
INSERT INTO XACML.FUNCTIONARGUMENTS (ID,ARG_INDEX,IS_BAG,DATATYPE_ID,FUNCTION_ID) VALUES (289,1,1,12,174);
INSERT INTO XACML.FUNCTIONARGUMENTS (ID,ARG_INDEX,IS_BAG,DATATYPE_ID,FUNCTION_ID) VALUES (290,1,1,12,175);
INSERT INTO XACML.FUNCTIONARGUMENTS (ID,ARG_INDEX,IS_BAG,DATATYPE_ID,FUNCTION_ID) VALUES (292,2,1,12,176);
INSERT INTO XACML.FUNCTIONARGUMENTS (ID,ARG_INDEX,IS_BAG,DATATYPE_ID,FUNCTION_ID) VALUES (293,1,1,12,176);
INSERT INTO XACML.FUNCTIONARGUMENTS (ID,ARG_INDEX,IS_BAG,DATATYPE_ID,FUNCTION_ID) VALUES (294,2,1,12,177);
INSERT INTO XACML.FUNCTIONARGUMENTS (ID,ARG_INDEX,IS_BAG,DATATYPE_ID,FUNCTION_ID) VALUES (295,1,1,12,177);
INSERT INTO XACML.FUNCTIONARGUMENTS (ID,ARG_INDEX,IS_BAG,DATATYPE_ID,FUNCTION_ID) VALUES (296,1,1,25,178);
INSERT INTO XACML.FUNCTIONARGUMENTS (ID,ARG_INDEX,IS_BAG,DATATYPE_ID,FUNCTION_ID) VALUES (297,2,1,25,178);
INSERT INTO XACML.FUNCTIONARGUMENTS (ID,ARG_INDEX,IS_BAG,DATATYPE_ID,FUNCTION_ID) VALUES (298,1,1,25,179);
INSERT INTO XACML.FUNCTIONARGUMENTS (ID,ARG_INDEX,IS_BAG,DATATYPE_ID,FUNCTION_ID) VALUES (299,1,1,25,180);
INSERT INTO XACML.FUNCTIONARGUMENTS (ID,ARG_INDEX,IS_BAG,DATATYPE_ID,FUNCTION_ID) VALUES (300,2,1,25,180);
INSERT INTO XACML.FUNCTIONARGUMENTS (ID,ARG_INDEX,IS_BAG,DATATYPE_ID,FUNCTION_ID) VALUES (301,1,1,25,181);
INSERT INTO XACML.FUNCTIONARGUMENTS (ID,ARG_INDEX,IS_BAG,DATATYPE_ID,FUNCTION_ID) VALUES (302,2,1,25,181);
INSERT INTO XACML.FUNCTIONARGUMENTS (ID,ARG_INDEX,IS_BAG,DATATYPE_ID,FUNCTION_ID) VALUES (303,1,1,18,182);
INSERT INTO XACML.FUNCTIONARGUMENTS (ID,ARG_INDEX,IS_BAG,DATATYPE_ID,FUNCTION_ID) VALUES (304,2,1,18,182);
INSERT INTO XACML.FUNCTIONARGUMENTS (ID,ARG_INDEX,IS_BAG,DATATYPE_ID,FUNCTION_ID) VALUES (305,1,1,18,183);
INSERT INTO XACML.FUNCTIONARGUMENTS (ID,ARG_INDEX,IS_BAG,DATATYPE_ID,FUNCTION_ID) VALUES (306,2,1,18,183);
INSERT INTO XACML.FUNCTIONARGUMENTS (ID,ARG_INDEX,IS_BAG,DATATYPE_ID,FUNCTION_ID) VALUES (307,1,1,18,184);
INSERT INTO XACML.FUNCTIONARGUMENTS (ID,ARG_INDEX,IS_BAG,DATATYPE_ID,FUNCTION_ID) VALUES (308,1,1,18,185);
INSERT INTO XACML.FUNCTIONARGUMENTS (ID,ARG_INDEX,IS_BAG,DATATYPE_ID,FUNCTION_ID) VALUES (309,2,1,18,185);
INSERT INTO XACML.FUNCTIONARGUMENTS (ID,ARG_INDEX,IS_BAG,DATATYPE_ID,FUNCTION_ID) VALUES (310,1,1,18,186);
INSERT INTO XACML.FUNCTIONARGUMENTS (ID,ARG_INDEX,IS_BAG,DATATYPE_ID,FUNCTION_ID) VALUES (311,2,1,18,186);
INSERT INTO XACML.FUNCTIONARGUMENTS (ID,ARG_INDEX,IS_BAG,DATATYPE_ID,FUNCTION_ID) VALUES (312,2,1,16,187);
INSERT INTO XACML.FUNCTIONARGUMENTS (ID,ARG_INDEX,IS_BAG,DATATYPE_ID,FUNCTION_ID) VALUES (313,1,1,16,187);
INSERT INTO XACML.FUNCTIONARGUMENTS (ID,ARG_INDEX,IS_BAG,DATATYPE_ID,FUNCTION_ID) VALUES (314,1,1,16,188);
INSERT INTO XACML.FUNCTIONARGUMENTS (ID,ARG_INDEX,IS_BAG,DATATYPE_ID,FUNCTION_ID) VALUES (315,2,1,16,188);
INSERT INTO XACML.FUNCTIONARGUMENTS (ID,ARG_INDEX,IS_BAG,DATATYPE_ID,FUNCTION_ID) VALUES (316,1,1,16,189);
INSERT INTO XACML.FUNCTIONARGUMENTS (ID,ARG_INDEX,IS_BAG,DATATYPE_ID,FUNCTION_ID) VALUES (317,1,1,16,190);
INSERT INTO XACML.FUNCTIONARGUMENTS (ID,ARG_INDEX,IS_BAG,DATATYPE_ID,FUNCTION_ID) VALUES (318,2,1,16,190);
INSERT INTO XACML.FUNCTIONARGUMENTS (ID,ARG_INDEX,IS_BAG,DATATYPE_ID,FUNCTION_ID) VALUES (319,1,1,16,191);
INSERT INTO XACML.FUNCTIONARGUMENTS (ID,ARG_INDEX,IS_BAG,DATATYPE_ID,FUNCTION_ID) VALUES (320,2,1,16,191);
INSERT INTO XACML.FUNCTIONARGUMENTS (ID,ARG_INDEX,IS_BAG,DATATYPE_ID,FUNCTION_ID) VALUES (321,1,1,21,192);
INSERT INTO XACML.FUNCTIONARGUMENTS (ID,ARG_INDEX,IS_BAG,DATATYPE_ID,FUNCTION_ID) VALUES (322,2,1,21,192);
INSERT INTO XACML.FUNCTIONARGUMENTS (ID,ARG_INDEX,IS_BAG,DATATYPE_ID,FUNCTION_ID) VALUES (323,1,1,21,193);
INSERT INTO XACML.FUNCTIONARGUMENTS (ID,ARG_INDEX,IS_BAG,DATATYPE_ID,FUNCTION_ID) VALUES (324,2,1,21,193);
INSERT INTO XACML.FUNCTIONARGUMENTS (ID,ARG_INDEX,IS_BAG,DATATYPE_ID,FUNCTION_ID) VALUES (325,1,1,21,194);
INSERT INTO XACML.FUNCTIONARGUMENTS (ID,ARG_INDEX,IS_BAG,DATATYPE_ID,FUNCTION_ID) VALUES (326,1,1,21,195);
INSERT INTO XACML.FUNCTIONARGUMENTS (ID,ARG_INDEX,IS_BAG,DATATYPE_ID,FUNCTION_ID) VALUES (327,2,1,21,195);
INSERT INTO XACML.FUNCTIONARGUMENTS (ID,ARG_INDEX,IS_BAG,DATATYPE_ID,FUNCTION_ID) VALUES (328,1,1,21,196);
INSERT INTO XACML.FUNCTIONARGUMENTS (ID,ARG_INDEX,IS_BAG,DATATYPE_ID,FUNCTION_ID) VALUES (329,2,1,21,196);
INSERT INTO XACML.FUNCTIONARGUMENTS (ID,ARG_INDEX,IS_BAG,DATATYPE_ID,FUNCTION_ID) VALUES (330,1,1,19,197);
INSERT INTO XACML.FUNCTIONARGUMENTS (ID,ARG_INDEX,IS_BAG,DATATYPE_ID,FUNCTION_ID) VALUES (331,2,1,19,197);
INSERT INTO XACML.FUNCTIONARGUMENTS (ID,ARG_INDEX,IS_BAG,DATATYPE_ID,FUNCTION_ID) VALUES (332,1,1,19,198);
INSERT INTO XACML.FUNCTIONARGUMENTS (ID,ARG_INDEX,IS_BAG,DATATYPE_ID,FUNCTION_ID) VALUES (333,2,1,19,198);
INSERT INTO XACML.FUNCTIONARGUMENTS (ID,ARG_INDEX,IS_BAG,DATATYPE_ID,FUNCTION_ID) VALUES (334,1,1,19,199);
INSERT INTO XACML.FUNCTIONARGUMENTS (ID,ARG_INDEX,IS_BAG,DATATYPE_ID,FUNCTION_ID) VALUES (335,1,1,19,200);
INSERT INTO XACML.FUNCTIONARGUMENTS (ID,ARG_INDEX,IS_BAG,DATATYPE_ID,FUNCTION_ID) VALUES (336,2,1,19,200);
INSERT INTO XACML.FUNCTIONARGUMENTS (ID,ARG_INDEX,IS_BAG,DATATYPE_ID,FUNCTION_ID) VALUES (337,1,1,19,201);
INSERT INTO XACML.FUNCTIONARGUMENTS (ID,ARG_INDEX,IS_BAG,DATATYPE_ID,FUNCTION_ID) VALUES (338,2,1,19,201);
INSERT INTO XACML.FUNCTIONARGUMENTS (ID,ARG_INDEX,IS_BAG,DATATYPE_ID,FUNCTION_ID) VALUES (339,1,1,27,202);
INSERT INTO XACML.FUNCTIONARGUMENTS (ID,ARG_INDEX,IS_BAG,DATATYPE_ID,FUNCTION_ID) VALUES (340,2,1,27,202);
INSERT INTO XACML.FUNCTIONARGUMENTS (ID,ARG_INDEX,IS_BAG,DATATYPE_ID,FUNCTION_ID) VALUES (341,1,1,27,203);
INSERT INTO XACML.FUNCTIONARGUMENTS (ID,ARG_INDEX,IS_BAG,DATATYPE_ID,FUNCTION_ID) VALUES (342,2,1,27,203);
INSERT INTO XACML.FUNCTIONARGUMENTS (ID,ARG_INDEX,IS_BAG,DATATYPE_ID,FUNCTION_ID) VALUES (343,1,1,27,204);
INSERT INTO XACML.FUNCTIONARGUMENTS (ID,ARG_INDEX,IS_BAG,DATATYPE_ID,FUNCTION_ID) VALUES (344,1,1,27,205);
INSERT INTO XACML.FUNCTIONARGUMENTS (ID,ARG_INDEX,IS_BAG,DATATYPE_ID,FUNCTION_ID) VALUES (345,2,1,27,205);
INSERT INTO XACML.FUNCTIONARGUMENTS (ID,ARG_INDEX,IS_BAG,DATATYPE_ID,FUNCTION_ID) VALUES (346,1,1,27,206);
INSERT INTO XACML.FUNCTIONARGUMENTS (ID,ARG_INDEX,IS_BAG,DATATYPE_ID,FUNCTION_ID) VALUES (347,2,1,27,206);
INSERT INTO XACML.FUNCTIONARGUMENTS (ID,ARG_INDEX,IS_BAG,DATATYPE_ID,FUNCTION_ID) VALUES (348,1,1,24,207);
INSERT INTO XACML.FUNCTIONARGUMENTS (ID,ARG_INDEX,IS_BAG,DATATYPE_ID,FUNCTION_ID) VALUES (349,2,1,24,207);
INSERT INTO XACML.FUNCTIONARGUMENTS (ID,ARG_INDEX,IS_BAG,DATATYPE_ID,FUNCTION_ID) VALUES (350,1,1,24,208);
INSERT INTO XACML.FUNCTIONARGUMENTS (ID,ARG_INDEX,IS_BAG,DATATYPE_ID,FUNCTION_ID) VALUES (351,2,1,24,208);
INSERT INTO XACML.FUNCTIONARGUMENTS (ID,ARG_INDEX,IS_BAG,DATATYPE_ID,FUNCTION_ID) VALUES (352,1,1,24,209);
INSERT INTO XACML.FUNCTIONARGUMENTS (ID,ARG_INDEX,IS_BAG,DATATYPE_ID,FUNCTION_ID) VALUES (353,1,1,24,210);
INSERT INTO XACML.FUNCTIONARGUMENTS (ID,ARG_INDEX,IS_BAG,DATATYPE_ID,FUNCTION_ID) VALUES (354,2,1,24,210);
INSERT INTO XACML.FUNCTIONARGUMENTS (ID,ARG_INDEX,IS_BAG,DATATYPE_ID,FUNCTION_ID) VALUES (355,1,1,24,211);
INSERT INTO XACML.FUNCTIONARGUMENTS (ID,ARG_INDEX,IS_BAG,DATATYPE_ID,FUNCTION_ID) VALUES (356,2,1,24,211);
INSERT INTO XACML.FUNCTIONARGUMENTS (ID,ARG_INDEX,IS_BAG,DATATYPE_ID,FUNCTION_ID) VALUES (357,1,1,13,212);
INSERT INTO XACML.FUNCTIONARGUMENTS (ID,ARG_INDEX,IS_BAG,DATATYPE_ID,FUNCTION_ID) VALUES (358,2,1,13,212);
INSERT INTO XACML.FUNCTIONARGUMENTS (ID,ARG_INDEX,IS_BAG,DATATYPE_ID,FUNCTION_ID) VALUES (359,1,1,13,213);
INSERT INTO XACML.FUNCTIONARGUMENTS (ID,ARG_INDEX,IS_BAG,DATATYPE_ID,FUNCTION_ID) VALUES (360,2,1,13,213);
INSERT INTO XACML.FUNCTIONARGUMENTS (ID,ARG_INDEX,IS_BAG,DATATYPE_ID,FUNCTION_ID) VALUES (361,1,1,13,214);
INSERT INTO XACML.FUNCTIONARGUMENTS (ID,ARG_INDEX,IS_BAG,DATATYPE_ID,FUNCTION_ID) VALUES (362,1,1,13,215);
INSERT INTO XACML.FUNCTIONARGUMENTS (ID,ARG_INDEX,IS_BAG,DATATYPE_ID,FUNCTION_ID) VALUES (363,2,1,13,215);
INSERT INTO XACML.FUNCTIONARGUMENTS (ID,ARG_INDEX,IS_BAG,DATATYPE_ID,FUNCTION_ID) VALUES (364,1,1,13,216);
INSERT INTO XACML.FUNCTIONARGUMENTS (ID,ARG_INDEX,IS_BAG,DATATYPE_ID,FUNCTION_ID) VALUES (365,2,1,13,216);
INSERT INTO XACML.FUNCTIONARGUMENTS (ID,ARG_INDEX,IS_BAG,DATATYPE_ID,FUNCTION_ID) VALUES (366,1,1,15,217);
INSERT INTO XACML.FUNCTIONARGUMENTS (ID,ARG_INDEX,IS_BAG,DATATYPE_ID,FUNCTION_ID) VALUES (367,2,1,15,217);
INSERT INTO XACML.FUNCTIONARGUMENTS (ID,ARG_INDEX,IS_BAG,DATATYPE_ID,FUNCTION_ID) VALUES (368,1,1,15,218);
INSERT INTO XACML.FUNCTIONARGUMENTS (ID,ARG_INDEX,IS_BAG,DATATYPE_ID,FUNCTION_ID) VALUES (369,2,1,15,218);
INSERT INTO XACML.FUNCTIONARGUMENTS (ID,ARG_INDEX,IS_BAG,DATATYPE_ID,FUNCTION_ID) VALUES (370,1,1,15,219);
INSERT INTO XACML.FUNCTIONARGUMENTS (ID,ARG_INDEX,IS_BAG,DATATYPE_ID,FUNCTION_ID) VALUES (371,1,1,15,220);
INSERT INTO XACML.FUNCTIONARGUMENTS (ID,ARG_INDEX,IS_BAG,DATATYPE_ID,FUNCTION_ID) VALUES (372,2,1,15,220);
INSERT INTO XACML.FUNCTIONARGUMENTS (ID,ARG_INDEX,IS_BAG,DATATYPE_ID,FUNCTION_ID) VALUES (373,1,1,15,221);
INSERT INTO XACML.FUNCTIONARGUMENTS (ID,ARG_INDEX,IS_BAG,DATATYPE_ID,FUNCTION_ID) VALUES (374,2,1,15,221);
INSERT INTO XACML.FUNCTIONARGUMENTS (ID,ARG_INDEX,IS_BAG,DATATYPE_ID,FUNCTION_ID) VALUES (375,1,1,23,222);
INSERT INTO XACML.FUNCTIONARGUMENTS (ID,ARG_INDEX,IS_BAG,DATATYPE_ID,FUNCTION_ID) VALUES (376,2,1,23,222);
INSERT INTO XACML.FUNCTIONARGUMENTS (ID,ARG_INDEX,IS_BAG,DATATYPE_ID,FUNCTION_ID) VALUES (377,1,1,23,223);
INSERT INTO XACML.FUNCTIONARGUMENTS (ID,ARG_INDEX,IS_BAG,DATATYPE_ID,FUNCTION_ID) VALUES (378,2,1,23,223);
INSERT INTO XACML.FUNCTIONARGUMENTS (ID,ARG_INDEX,IS_BAG,DATATYPE_ID,FUNCTION_ID) VALUES (380,1,1,23,224);
INSERT INTO XACML.FUNCTIONARGUMENTS (ID,ARG_INDEX,IS_BAG,DATATYPE_ID,FUNCTION_ID) VALUES (381,1,1,23,225);
INSERT INTO XACML.FUNCTIONARGUMENTS (ID,ARG_INDEX,IS_BAG,DATATYPE_ID,FUNCTION_ID) VALUES (382,2,1,23,225);
INSERT INTO XACML.FUNCTIONARGUMENTS (ID,ARG_INDEX,IS_BAG,DATATYPE_ID,FUNCTION_ID) VALUES (383,2,1,23,226);
INSERT INTO XACML.FUNCTIONARGUMENTS (ID,ARG_INDEX,IS_BAG,DATATYPE_ID,FUNCTION_ID) VALUES (384,1,1,23,226);
INSERT INTO XACML.FUNCTIONARGUMENTS (ID,ARG_INDEX,IS_BAG,DATATYPE_ID,FUNCTION_ID) VALUES (385,1,1,14,227);
INSERT INTO XACML.FUNCTIONARGUMENTS (ID,ARG_INDEX,IS_BAG,DATATYPE_ID,FUNCTION_ID) VALUES (386,2,1,14,227);
INSERT INTO XACML.FUNCTIONARGUMENTS (ID,ARG_INDEX,IS_BAG,DATATYPE_ID,FUNCTION_ID) VALUES (387,1,1,14,228);
INSERT INTO XACML.FUNCTIONARGUMENTS (ID,ARG_INDEX,IS_BAG,DATATYPE_ID,FUNCTION_ID) VALUES (388,2,1,14,228);
INSERT INTO XACML.FUNCTIONARGUMENTS (ID,ARG_INDEX,IS_BAG,DATATYPE_ID,FUNCTION_ID) VALUES (389,1,1,14,229);
INSERT INTO XACML.FUNCTIONARGUMENTS (ID,ARG_INDEX,IS_BAG,DATATYPE_ID,FUNCTION_ID) VALUES (390,1,1,14,230);
INSERT INTO XACML.FUNCTIONARGUMENTS (ID,ARG_INDEX,IS_BAG,DATATYPE_ID,FUNCTION_ID) VALUES (391,2,1,14,230);
INSERT INTO XACML.FUNCTIONARGUMENTS (ID,ARG_INDEX,IS_BAG,DATATYPE_ID,FUNCTION_ID) VALUES (392,1,1,14,231);
INSERT INTO XACML.FUNCTIONARGUMENTS (ID,ARG_INDEX,IS_BAG,DATATYPE_ID,FUNCTION_ID) VALUES (393,2,1,14,231);
INSERT INTO XACML.FUNCTIONARGUMENTS (ID,ARG_INDEX,IS_BAG,DATATYPE_ID,FUNCTION_ID) VALUES (394,1,1,20,232);
INSERT INTO XACML.FUNCTIONARGUMENTS (ID,ARG_INDEX,IS_BAG,DATATYPE_ID,FUNCTION_ID) VALUES (395,2,1,20,232);
INSERT INTO XACML.FUNCTIONARGUMENTS (ID,ARG_INDEX,IS_BAG,DATATYPE_ID,FUNCTION_ID) VALUES (396,1,1,20,233);
INSERT INTO XACML.FUNCTIONARGUMENTS (ID,ARG_INDEX,IS_BAG,DATATYPE_ID,FUNCTION_ID) VALUES (397,2,1,20,233);
INSERT INTO XACML.FUNCTIONARGUMENTS (ID,ARG_INDEX,IS_BAG,DATATYPE_ID,FUNCTION_ID) VALUES (398,1,1,20,234);
INSERT INTO XACML.FUNCTIONARGUMENTS (ID,ARG_INDEX,IS_BAG,DATATYPE_ID,FUNCTION_ID) VALUES (399,1,1,20,235);
INSERT INTO XACML.FUNCTIONARGUMENTS (ID,ARG_INDEX,IS_BAG,DATATYPE_ID,FUNCTION_ID) VALUES (400,2,1,20,235);
INSERT INTO XACML.FUNCTIONARGUMENTS (ID,ARG_INDEX,IS_BAG,DATATYPE_ID,FUNCTION_ID) VALUES (401,1,1,20,236);
INSERT INTO XACML.FUNCTIONARGUMENTS (ID,ARG_INDEX,IS_BAG,DATATYPE_ID,FUNCTION_ID) VALUES (402,2,1,20,236);
INSERT INTO XACML.FUNCTIONARGUMENTS (ID,ARG_INDEX,IS_BAG,DATATYPE_ID,FUNCTION_ID) VALUES (403,1,0,14,237);
INSERT INTO XACML.FUNCTIONARGUMENTS (ID,ARG_INDEX,IS_BAG,DATATYPE_ID,FUNCTION_ID) VALUES (404,2,0,14,237);
INSERT INTO XACML.FUNCTIONARGUMENTS (ID,ARG_INDEX,IS_BAG,DATATYPE_ID,FUNCTION_ID) VALUES (405,1,0,26,238);
INSERT INTO XACML.FUNCTIONARGUMENTS (ID,ARG_INDEX,IS_BAG,DATATYPE_ID,FUNCTION_ID) VALUES (406,2,0,20,238);
INSERT INTO XACML.FUNCTIONARGUMENTS (ID,ARG_INDEX,IS_BAG,DATATYPE_ID,FUNCTION_ID) VALUES (407,1,1,12,239);
INSERT INTO XACML.FUNCTIONARGUMENTS (ID,ARG_INDEX,IS_BAG,DATATYPE_ID,FUNCTION_ID) VALUES (408,2,1,12,239);
INSERT INTO XACML.FUNCTIONARGUMENTS (ID,ARG_INDEX,IS_BAG,DATATYPE_ID,FUNCTION_ID) VALUES (409,1,1,25,240);
INSERT INTO XACML.FUNCTIONARGUMENTS (ID,ARG_INDEX,IS_BAG,DATATYPE_ID,FUNCTION_ID) VALUES (410,2,1,25,240);
INSERT INTO XACML.FUNCTIONARGUMENTS (ID,ARG_INDEX,IS_BAG,DATATYPE_ID,FUNCTION_ID) VALUES (411,1,0,18,241);
INSERT INTO XACML.FUNCTIONARGUMENTS (ID,ARG_INDEX,IS_BAG,DATATYPE_ID,FUNCTION_ID) VALUES (412,1,0,18,242);
INSERT INTO XACML.FUNCTIONARGUMENTS (ID,ARG_INDEX,IS_BAG,DATATYPE_ID,FUNCTION_ID) VALUES (413,1,0,12,243);
INSERT INTO XACML.FUNCTIONARGUMENTS (ID,ARG_INDEX,IS_BAG,DATATYPE_ID,FUNCTION_ID) VALUES (414,2,0,18,243);
INSERT INTO XACML.FUNCTIONARGUMENTS (ID,ARG_INDEX,IS_BAG,DATATYPE_ID,FUNCTION_ID) VALUES (415,1,0,18,244);
INSERT INTO XACML.FUNCTIONARGUMENTS (ID,ARG_INDEX,IS_BAG,DATATYPE_ID,FUNCTION_ID) VALUES (416,1,0,18,245);
INSERT INTO XACML.FUNCTIONARGUMENTS (ID,ARG_INDEX,IS_BAG,DATATYPE_ID,FUNCTION_ID) VALUES (417,2,0,null,245);
INSERT INTO XACML.FUNCTIONARGUMENTS (ID,ARG_INDEX,IS_BAG,DATATYPE_ID,FUNCTION_ID) VALUES (418,3,1,null,245);
INSERT INTO XACML.FUNCTIONARGUMENTS (ID,ARG_INDEX,IS_BAG,DATATYPE_ID,FUNCTION_ID) VALUES (419,1,0,18,246);
INSERT INTO XACML.FUNCTIONARGUMENTS (ID,ARG_INDEX,IS_BAG,DATATYPE_ID,FUNCTION_ID) VALUES (420,2,0,null,246);
INSERT INTO XACML.FUNCTIONARGUMENTS (ID,ARG_INDEX,IS_BAG,DATATYPE_ID,FUNCTION_ID) VALUES (421,3,1,null,246);
INSERT INTO XACML.FUNCTIONARGUMENTS (ID,ARG_INDEX,IS_BAG,DATATYPE_ID,FUNCTION_ID) VALUES (422,1,0,18,247);
INSERT INTO XACML.FUNCTIONARGUMENTS (ID,ARG_INDEX,IS_BAG,DATATYPE_ID,FUNCTION_ID) VALUES (423,2,1,null,247);
INSERT INTO XACML.FUNCTIONARGUMENTS (ID,ARG_INDEX,IS_BAG,DATATYPE_ID,FUNCTION_ID) VALUES (424,3,1,null,247);
INSERT INTO XACML.FUNCTIONARGUMENTS (ID,ARG_INDEX,IS_BAG,DATATYPE_ID,FUNCTION_ID) VALUES (433,1,0,18,248);
INSERT INTO XACML.FUNCTIONARGUMENTS (ID,ARG_INDEX,IS_BAG,DATATYPE_ID,FUNCTION_ID) VALUES (434,2,1,null,248);
INSERT INTO XACML.FUNCTIONARGUMENTS (ID,ARG_INDEX,IS_BAG,DATATYPE_ID,FUNCTION_ID) VALUES (435,3,1,null,248);
INSERT INTO XACML.FUNCTIONARGUMENTS (ID,ARG_INDEX,IS_BAG,DATATYPE_ID,FUNCTION_ID) VALUES (436,1,0,18,249);
INSERT INTO XACML.FUNCTIONARGUMENTS (ID,ARG_INDEX,IS_BAG,DATATYPE_ID,FUNCTION_ID) VALUES (437,2,1,null,249);
INSERT INTO XACML.FUNCTIONARGUMENTS (ID,ARG_INDEX,IS_BAG,DATATYPE_ID,FUNCTION_ID) VALUES (438,3,1,null,249);
INSERT INTO XACML.FUNCTIONARGUMENTS (ID,ARG_INDEX,IS_BAG,DATATYPE_ID,FUNCTION_ID) VALUES (439,1,0,18,250);
INSERT INTO XACML.FUNCTIONARGUMENTS (ID,ARG_INDEX,IS_BAG,DATATYPE_ID,FUNCTION_ID) VALUES (440,2,1,null,250);
INSERT INTO XACML.FUNCTIONARGUMENTS (ID,ARG_INDEX,IS_BAG,DATATYPE_ID,FUNCTION_ID) VALUES (441,3,1,null,250);
INSERT INTO XACML.FUNCTIONARGUMENTS (ID,ARG_INDEX,IS_BAG,DATATYPE_ID,FUNCTION_ID) VALUES (442,1,0,null,251);
INSERT INTO XACML.FUNCTIONARGUMENTS (ID,ARG_INDEX,IS_BAG,DATATYPE_ID,FUNCTION_ID) VALUES (447,2,1,null,251);
INSERT INTO XACML.FUNCTIONARGUMENTS (ID,ARG_INDEX,IS_BAG,DATATYPE_ID,FUNCTION_ID) VALUES (448,1,0,28,252);
INSERT INTO XACML.FUNCTIONARGUMENTS (ID,ARG_INDEX,IS_BAG,DATATYPE_ID,FUNCTION_ID) VALUES (449,1,0,28,253);
INSERT INTO XACML.FUNCTIONARGUMENTS (ID,ARG_INDEX,IS_BAG,DATATYPE_ID,FUNCTION_ID) VALUES (450,2,0,28,253);
INSERT INTO XACML.FUNCTIONARGUMENTS (ID,ARG_INDEX,IS_BAG,DATATYPE_ID,FUNCTION_ID) VALUES (451,1,0,28,254);
INSERT INTO XACML.FUNCTIONARGUMENTS (ID,ARG_INDEX,IS_BAG,DATATYPE_ID,FUNCTION_ID) VALUES (452,2,0,28,254);
INSERT INTO XACML.FUNCTIONARGUMENTS (ID,ARG_INDEX,IS_BAG,DATATYPE_ID,FUNCTION_ID) VALUES (453,3,0,16,92);


INSERT INTO XACML.FUNCTIONDEFINITION (ID,ARG_LB,ARG_UB,HO_ARG_LB,HO_ARG_UB,HO_PRIMITIVE,IS_BAG_RETURN,IS_HIGHER_ORDER,SHORT_NAME,XACML_ID,RETURN_DATATYPE) VALUES (1,2,2,null,null,null,0,0,'integer-greater-than-or-equal','urn:oasis:names:tc:xacml:1.0:function:integer-greater-than-or-equal',18);
INSERT INTO XACML.FUNCTIONDEFINITION (ID,ARG_LB,ARG_UB,HO_ARG_LB,HO_ARG_UB,HO_PRIMITIVE,IS_BAG_RETURN,IS_HIGHER_ORDER,SHORT_NAME,XACML_ID,RETURN_DATATYPE) VALUES (2,2,2,null,null,null,0,0,'integer-subtract','urn:oasis:names:tc:xacml:1.0:function:integer-subtract',12);
INSERT INTO XACML.FUNCTIONDEFINITION (ID,ARG_LB,ARG_UB,HO_ARG_LB,HO_ARG_UB,HO_PRIMITIVE,IS_BAG_RETURN,IS_HIGHER_ORDER,SHORT_NAME,XACML_ID,RETURN_DATATYPE) VALUES (3,1,1,null,null,null,0,0,'double-to-integer','urn:oasis:names:tc:xacml:1.0:function:double-to-integer',12);
INSERT INTO XACML.FUNCTIONDEFINITION (ID,ARG_LB,ARG_UB,HO_ARG_LB,HO_ARG_UB,HO_PRIMITIVE,IS_BAG_RETURN,IS_HIGHER_ORDER,SHORT_NAME,XACML_ID,RETURN_DATATYPE) VALUES (4,1,1,null,null,null,0,0,'integer-one-and-only','urn:oasis:names:tc:xacml:1.0:function:integer-one-and-only',12);
INSERT INTO XACML.FUNCTIONDEFINITION (ID,ARG_LB,ARG_UB,HO_ARG_LB,HO_ARG_UB,HO_PRIMITIVE,IS_BAG_RETURN,IS_HIGHER_ORDER,SHORT_NAME,XACML_ID,RETURN_DATATYPE) VALUES (5,1,1,null,null,null,0,0,'double-one-and-only','urn:oasis:names:tc:xacml:1.0:function:double-one-and-only',25);
INSERT INTO XACML.FUNCTIONDEFINITION (ID,ARG_LB,ARG_UB,HO_ARG_LB,HO_ARG_UB,HO_PRIMITIVE,IS_BAG_RETURN,IS_HIGHER_ORDER,SHORT_NAME,XACML_ID,RETURN_DATATYPE) VALUES (6,2,2,null,null,null,0,0,'string-equal','urn:oasis:names:tc:xacml:1.0:function:string-equal',18);
INSERT INTO XACML.FUNCTIONDEFINITION (ID,ARG_LB,ARG_UB,HO_ARG_LB,HO_ARG_UB,HO_PRIMITIVE,IS_BAG_RETURN,IS_HIGHER_ORDER,SHORT_NAME,XACML_ID,RETURN_DATATYPE) VALUES (7,2,2,null,null,null,0,0,'string-equal-ignore-case','urn:oasis:names:tc:xacml:3.0:function:string-equal-ignore-case',18);
INSERT INTO XACML.FUNCTIONDEFINITION (ID,ARG_LB,ARG_UB,HO_ARG_LB,HO_ARG_UB,HO_PRIMITIVE,IS_BAG_RETURN,IS_HIGHER_ORDER,SHORT_NAME,XACML_ID,RETURN_DATATYPE) VALUES (8,2,2,null,null,null,0,0,'string-starts-with','urn:oasis:names:tc:xacml:3.0:function:string-starts-with',18);
INSERT INTO XACML.FUNCTIONDEFINITION (ID,ARG_LB,ARG_UB,HO_ARG_LB,HO_ARG_UB,HO_PRIMITIVE,IS_BAG_RETURN,IS_HIGHER_ORDER,SHORT_NAME,XACML_ID,RETURN_DATATYPE) VALUES (9,2,2,null,null,null,0,0,'string-ends-with','urn:oasis:names:tc:xacml:3.0:function: string-ends-with',18);
INSERT INTO XACML.FUNCTIONDEFINITION (ID,ARG_LB,ARG_UB,HO_ARG_LB,HO_ARG_UB,HO_PRIMITIVE,IS_BAG_RETURN,IS_HIGHER_ORDER,SHORT_NAME,XACML_ID,RETURN_DATATYPE) VALUES (10,2,-1,null,null,null,0,0,'string-concatenate','urn:oasis:names:tc:xacml:2.0:function:string-concatenate',26);
INSERT INTO XACML.FUNCTIONDEFINITION (ID,ARG_LB,ARG_UB,HO_ARG_LB,HO_ARG_UB,HO_PRIMITIVE,IS_BAG_RETURN,IS_HIGHER_ORDER,SHORT_NAME,XACML_ID,RETURN_DATATYPE) VALUES (11,1,1,null,null,null,0,0,'boolean-from-string','urn:oasis:names:tc:xacml:3.0:function:boolean-from-string',18);
INSERT INTO XACML.FUNCTIONDEFINITION (ID,ARG_LB,ARG_UB,HO_ARG_LB,HO_ARG_UB,HO_PRIMITIVE,IS_BAG_RETURN,IS_HIGHER_ORDER,SHORT_NAME,XACML_ID,RETURN_DATATYPE) VALUES (12,1,1,null,null,null,0,0,'string-from-boolean','urn:oasis:names:tc:xacml:3.0:function:string-from-boolean',26);
INSERT INTO XACML.FUNCTIONDEFINITION (ID,ARG_LB,ARG_UB,HO_ARG_LB,HO_ARG_UB,HO_PRIMITIVE,IS_BAG_RETURN,IS_HIGHER_ORDER,SHORT_NAME,XACML_ID,RETURN_DATATYPE) VALUES (13,1,1,null,null,null,0,0,'integer-from-string','urn:oasis:names:tc:xacml:3.0:function:integer-from-string',12);
INSERT INTO XACML.FUNCTIONDEFINITION (ID,ARG_LB,ARG_UB,HO_ARG_LB,HO_ARG_UB,HO_PRIMITIVE,IS_BAG_RETURN,IS_HIGHER_ORDER,SHORT_NAME,XACML_ID,RETURN_DATATYPE) VALUES (14,1,1,null,null,null,0,0,'string-from-integer','urn:oasis:names:tc:xacml:3.0:function:string-from-integer',26);
INSERT INTO XACML.FUNCTIONDEFINITION (ID,ARG_LB,ARG_UB,HO_ARG_LB,HO_ARG_UB,HO_PRIMITIVE,IS_BAG_RETURN,IS_HIGHER_ORDER,SHORT_NAME,XACML_ID,RETURN_DATATYPE) VALUES (15,1,1,null,null,null,0,0,'double-from-string','urn:oasis:names:tc:xacml:3.0:function:double-from-string',25);
INSERT INTO XACML.FUNCTIONDEFINITION (ID,ARG_LB,ARG_UB,HO_ARG_LB,HO_ARG_UB,HO_PRIMITIVE,IS_BAG_RETURN,IS_HIGHER_ORDER,SHORT_NAME,XACML_ID,RETURN_DATATYPE) VALUES (16,1,1,null,null,null,0,0,'string-from-double','urn:oasis:names:tc:xacml:3.0:function:string-from-double',26);
INSERT INTO XACML.FUNCTIONDEFINITION (ID,ARG_LB,ARG_UB,HO_ARG_LB,HO_ARG_UB,HO_PRIMITIVE,IS_BAG_RETURN,IS_HIGHER_ORDER,SHORT_NAME,XACML_ID,RETURN_DATATYPE) VALUES (17,1,1,null,null,null,0,0,'time-from-string','urn:oasis:names:tc:xacml:3.0:function:time-from-string',16);
INSERT INTO XACML.FUNCTIONDEFINITION (ID,ARG_LB,ARG_UB,HO_ARG_LB,HO_ARG_UB,HO_PRIMITIVE,IS_BAG_RETURN,IS_HIGHER_ORDER,SHORT_NAME,XACML_ID,RETURN_DATATYPE) VALUES (18,1,1,null,null,null,0,0,'string-from-time','urn:oasis:names:tc:xacml:3.0:function:string-from-time',26);
INSERT INTO XACML.FUNCTIONDEFINITION (ID,ARG_LB,ARG_UB,HO_ARG_LB,HO_ARG_UB,HO_PRIMITIVE,IS_BAG_RETURN,IS_HIGHER_ORDER,SHORT_NAME,XACML_ID,RETURN_DATATYPE) VALUES (19,1,1,null,null,null,0,0,'date-from-string','urn:oasis:names:tc:xacml:3.0:function:date-from-string',21);
INSERT INTO XACML.FUNCTIONDEFINITION (ID,ARG_LB,ARG_UB,HO_ARG_LB,HO_ARG_UB,HO_PRIMITIVE,IS_BAG_RETURN,IS_HIGHER_ORDER,SHORT_NAME,XACML_ID,RETURN_DATATYPE) VALUES (20,1,1,null,null,null,0,0,'string-from-date','urn:oasis:names:tc:xacml:3.0:function:string-from-date',26);
INSERT INTO XACML.FUNCTIONDEFINITION (ID,ARG_LB,ARG_UB,HO_ARG_LB,HO_ARG_UB,HO_PRIMITIVE,IS_BAG_RETURN,IS_HIGHER_ORDER,SHORT_NAME,XACML_ID,RETURN_DATATYPE) VALUES (21,1,1,null,null,null,0,0,'dateTime-from-string','urn:oasis:names:tc:xacml:3.0:function:dateTime-from-string',19);
INSERT INTO XACML.FUNCTIONDEFINITION (ID,ARG_LB,ARG_UB,HO_ARG_LB,HO_ARG_UB,HO_PRIMITIVE,IS_BAG_RETURN,IS_HIGHER_ORDER,SHORT_NAME,XACML_ID,RETURN_DATATYPE) VALUES (22,1,1,null,null,null,0,0,'string-from-dateTime','urn:oasis:names:tc:xacml:3.0:function:string-from-dateTime',26);
INSERT INTO XACML.FUNCTIONDEFINITION (ID,ARG_LB,ARG_UB,HO_ARG_LB,HO_ARG_UB,HO_PRIMITIVE,IS_BAG_RETURN,IS_HIGHER_ORDER,SHORT_NAME,XACML_ID,RETURN_DATATYPE) VALUES (23,1,1,null,null,null,0,0,'anyURI-from-string','urn:oasis:names:tc:xacml:3.0:function:anyURI-from-string',27);
INSERT INTO XACML.FUNCTIONDEFINITION (ID,ARG_LB,ARG_UB,HO_ARG_LB,HO_ARG_UB,HO_PRIMITIVE,IS_BAG_RETURN,IS_HIGHER_ORDER,SHORT_NAME,XACML_ID,RETURN_DATATYPE) VALUES (24,1,1,null,null,null,0,0,'string-from-anyURI','urn:oasis:names:tc:xacml:3.0:function:string-from-anyURI',26);
INSERT INTO XACML.FUNCTIONDEFINITION (ID,ARG_LB,ARG_UB,HO_ARG_LB,HO_ARG_UB,HO_PRIMITIVE,IS_BAG_RETURN,IS_HIGHER_ORDER,SHORT_NAME,XACML_ID,RETURN_DATATYPE) VALUES (25,1,1,null,null,null,0,0,'dayTimeDuration-from-string','urn:oasis:names:tc:xacml:3.0:function:dayTimeDuration-from-string',15);
INSERT INTO XACML.FUNCTIONDEFINITION (ID,ARG_LB,ARG_UB,HO_ARG_LB,HO_ARG_UB,HO_PRIMITIVE,IS_BAG_RETURN,IS_HIGHER_ORDER,SHORT_NAME,XACML_ID,RETURN_DATATYPE) VALUES (26,1,1,null,null,null,0,0,'string-from-dayTimeDuration','urn:oasis:names:tc:xacml:3.0:function:string-from-dayTimeDuration',26);
INSERT INTO XACML.FUNCTIONDEFINITION (ID,ARG_LB,ARG_UB,HO_ARG_LB,HO_ARG_UB,HO_PRIMITIVE,IS_BAG_RETURN,IS_HIGHER_ORDER,SHORT_NAME,XACML_ID,RETURN_DATATYPE) VALUES (27,1,1,null,null,null,0,0,'yearMonthDuration-from-string','urn:oasis:names:tc:xacml:3.0:function:yearMonthDuration-from-string',23);
INSERT INTO XACML.FUNCTIONDEFINITION (ID,ARG_LB,ARG_UB,HO_ARG_LB,HO_ARG_UB,HO_PRIMITIVE,IS_BAG_RETURN,IS_HIGHER_ORDER,SHORT_NAME,XACML_ID,RETURN_DATATYPE) VALUES (28,1,1,null,null,null,0,0,'string-from-yearMonthDuration','urn:oasis:names:tc:xacml:3.0:function:string-from-yearMonthDuration',26);
INSERT INTO XACML.FUNCTIONDEFINITION (ID,ARG_LB,ARG_UB,HO_ARG_LB,HO_ARG_UB,HO_PRIMITIVE,IS_BAG_RETURN,IS_HIGHER_ORDER,SHORT_NAME,XACML_ID,RETURN_DATATYPE) VALUES (29,1,1,null,null,null,0,0,'x500Name-from-string','urn:oasis:names:tc:xacml:3.0:function:x500Name-from-string',14);
INSERT INTO XACML.FUNCTIONDEFINITION (ID,ARG_LB,ARG_UB,HO_ARG_LB,HO_ARG_UB,HO_PRIMITIVE,IS_BAG_RETURN,IS_HIGHER_ORDER,SHORT_NAME,XACML_ID,RETURN_DATATYPE) VALUES (30,1,1,null,null,null,0,0,'string-from-x500Name','urn:oasis:names:tc:xacml:3.0:function:string-from-x500Name',26);
INSERT INTO XACML.FUNCTIONDEFINITION (ID,ARG_LB,ARG_UB,HO_ARG_LB,HO_ARG_UB,HO_PRIMITIVE,IS_BAG_RETURN,IS_HIGHER_ORDER,SHORT_NAME,XACML_ID,RETURN_DATATYPE) VALUES (31,1,1,null,null,null,0,0,'rfc822Name-from-string','urn:oasis:names:tc:xacml:3.0:function:rfc822Name-from-string',20);
INSERT INTO XACML.FUNCTIONDEFINITION (ID,ARG_LB,ARG_UB,HO_ARG_LB,HO_ARG_UB,HO_PRIMITIVE,IS_BAG_RETURN,IS_HIGHER_ORDER,SHORT_NAME,XACML_ID,RETURN_DATATYPE) VALUES (32,1,1,null,null,null,0,0,'string-from-rfc822Name','urn:oasis:names:tc:xacml:3.0:function:string-from-rfc822Name',26);
INSERT INTO XACML.FUNCTIONDEFINITION (ID,ARG_LB,ARG_UB,HO_ARG_LB,HO_ARG_UB,HO_PRIMITIVE,IS_BAG_RETURN,IS_HIGHER_ORDER,SHORT_NAME,XACML_ID,RETURN_DATATYPE) VALUES (33,1,1,null,null,null,0,0,'ipAddress-from-string','urn:oasis:names:tc:xacml:3.0:function:ipAddress-from-string',22);
INSERT INTO XACML.FUNCTIONDEFINITION (ID,ARG_LB,ARG_UB,HO_ARG_LB,HO_ARG_UB,HO_PRIMITIVE,IS_BAG_RETURN,IS_HIGHER_ORDER,SHORT_NAME,XACML_ID,RETURN_DATATYPE) VALUES (34,1,1,null,null,null,0,0,'string-from-ipAddress','urn:oasis:names:tc:xacml:3.0:function:string-from-ipAddress',26);
INSERT INTO XACML.FUNCTIONDEFINITION (ID,ARG_LB,ARG_UB,HO_ARG_LB,HO_ARG_UB,HO_PRIMITIVE,IS_BAG_RETURN,IS_HIGHER_ORDER,SHORT_NAME,XACML_ID,RETURN_DATATYPE) VALUES (35,1,1,null,null,null,0,0,'dnsName-from-string','urn:oasis:names:tc:xacml:3.0:function:dnsName-from-string',17);
INSERT INTO XACML.FUNCTIONDEFINITION (ID,ARG_LB,ARG_UB,HO_ARG_LB,HO_ARG_UB,HO_PRIMITIVE,IS_BAG_RETURN,IS_HIGHER_ORDER,SHORT_NAME,XACML_ID,RETURN_DATATYPE) VALUES (36,1,1,null,null,null,0,0,'string-from-dnsName','urn:oasis:names:tc:xacml:3.0:function:string-from-dnsName',26);
INSERT INTO XACML.FUNCTIONDEFINITION (ID,ARG_LB,ARG_UB,HO_ARG_LB,HO_ARG_UB,HO_PRIMITIVE,IS_BAG_RETURN,IS_HIGHER_ORDER,SHORT_NAME,XACML_ID,RETURN_DATATYPE) VALUES (37,2,2,null,null,null,0,0,'anyURI-starts-with','urn:oasis:names:tc:xacml:3.0:function:anyURI-starts-with',18);
INSERT INTO XACML.FUNCTIONDEFINITION (ID,ARG_LB,ARG_UB,HO_ARG_LB,HO_ARG_UB,HO_PRIMITIVE,IS_BAG_RETURN,IS_HIGHER_ORDER,SHORT_NAME,XACML_ID,RETURN_DATATYPE) VALUES (38,2,2,null,null,null,0,0,'anyURI-ends-with','urn:oasis:names:tc:xacml:3.0:function:anyURI-ends-with',18);
INSERT INTO XACML.FUNCTIONDEFINITION (ID,ARG_LB,ARG_UB,HO_ARG_LB,HO_ARG_UB,HO_PRIMITIVE,IS_BAG_RETURN,IS_HIGHER_ORDER,SHORT_NAME,XACML_ID,RETURN_DATATYPE) VALUES (39,2,2,null,null,null,0,0,'string-contains','urn:oasis:names:tc:xacml:3.0:function:string-contains',18);
INSERT INTO XACML.FUNCTIONDEFINITION (ID,ARG_LB,ARG_UB,HO_ARG_LB,HO_ARG_UB,HO_PRIMITIVE,IS_BAG_RETURN,IS_HIGHER_ORDER,SHORT_NAME,XACML_ID,RETURN_DATATYPE) VALUES (40,2,2,null,null,null,0,0,'anyURI-contains','urn:oasis:names:tc:xacml:3.0:function:anyURI-contains',18);
INSERT INTO XACML.FUNCTIONDEFINITION (ID,ARG_LB,ARG_UB,HO_ARG_LB,HO_ARG_UB,HO_PRIMITIVE,IS_BAG_RETURN,IS_HIGHER_ORDER,SHORT_NAME,XACML_ID,RETURN_DATATYPE) VALUES (41,3,3,null,null,null,0,0,'string-substring','urn:oasis:names:tc:xacml:3.0:function:string-substring',26);
INSERT INTO XACML.FUNCTIONDEFINITION (ID,ARG_LB,ARG_UB,HO_ARG_LB,HO_ARG_UB,HO_PRIMITIVE,IS_BAG_RETURN,IS_HIGHER_ORDER,SHORT_NAME,XACML_ID,RETURN_DATATYPE) VALUES (42,3,3,null,null,null,0,0,'anyURI-substring','urn:oasis:names:tc:xacml:3.0:function:anyURI-substring',26);
INSERT INTO XACML.FUNCTIONDEFINITION (ID,ARG_LB,ARG_UB,HO_ARG_LB,HO_ARG_UB,HO_PRIMITIVE,IS_BAG_RETURN,IS_HIGHER_ORDER,SHORT_NAME,XACML_ID,RETURN_DATATYPE) VALUES (43,2,2,null,null,null,0,0,'boolean-equal','urn:oasis:names:tc:xacml:1.0:function:boolean-equal',18);
INSERT INTO XACML.FUNCTIONDEFINITION (ID,ARG_LB,ARG_UB,HO_ARG_LB,HO_ARG_UB,HO_PRIMITIVE,IS_BAG_RETURN,IS_HIGHER_ORDER,SHORT_NAME,XACML_ID,RETURN_DATATYPE) VALUES (44,2,2,null,null,null,0,0,'integer-equal','urn:oasis:names:tc:xacml:1.0:function:integer-equal',18);
INSERT INTO XACML.FUNCTIONDEFINITION (ID,ARG_LB,ARG_UB,HO_ARG_LB,HO_ARG_UB,HO_PRIMITIVE,IS_BAG_RETURN,IS_HIGHER_ORDER,SHORT_NAME,XACML_ID,RETURN_DATATYPE) VALUES (45,2,2,null,null,null,0,0,'double-equal','urn:oasis:names:tc:xacml:1.0:function:double-equal',18);
INSERT INTO XACML.FUNCTIONDEFINITION (ID,ARG_LB,ARG_UB,HO_ARG_LB,HO_ARG_UB,HO_PRIMITIVE,IS_BAG_RETURN,IS_HIGHER_ORDER,SHORT_NAME,XACML_ID,RETURN_DATATYPE) VALUES (46,2,2,null,null,null,0,0,'date-equal','urn:oasis:names:tc:xacml:1.0:function:date-equal',18);
INSERT INTO XACML.FUNCTIONDEFINITION (ID,ARG_LB,ARG_UB,HO_ARG_LB,HO_ARG_UB,HO_PRIMITIVE,IS_BAG_RETURN,IS_HIGHER_ORDER,SHORT_NAME,XACML_ID,RETURN_DATATYPE) VALUES (47,2,2,null,null,null,0,0,'time-equal','urn:oasis:names:tc:xacml:1.0:function:time-equal',18);
INSERT INTO XACML.FUNCTIONDEFINITION (ID,ARG_LB,ARG_UB,HO_ARG_LB,HO_ARG_UB,HO_PRIMITIVE,IS_BAG_RETURN,IS_HIGHER_ORDER,SHORT_NAME,XACML_ID,RETURN_DATATYPE) VALUES (48,2,2,null,null,null,0,0,'dateTime-equal','urn:oasis:names:tc:xacml:1.0:function:dateTime-equal',18);
INSERT INTO XACML.FUNCTIONDEFINITION (ID,ARG_LB,ARG_UB,HO_ARG_LB,HO_ARG_UB,HO_PRIMITIVE,IS_BAG_RETURN,IS_HIGHER_ORDER,SHORT_NAME,XACML_ID,RETURN_DATATYPE) VALUES (49,2,2,null,null,null,0,0,'dayTimeDuration-equal','urn:oasis:names:tc:xacml:3.0:function:dayTimeDuration-equal',18);
INSERT INTO XACML.FUNCTIONDEFINITION (ID,ARG_LB,ARG_UB,HO_ARG_LB,HO_ARG_UB,HO_PRIMITIVE,IS_BAG_RETURN,IS_HIGHER_ORDER,SHORT_NAME,XACML_ID,RETURN_DATATYPE) VALUES (50,2,2,null,null,null,0,0,'yearMonthDuration-equal','urn:oasis:names:tc:xacml:3.0:function:yearMonthDuration-equal',18);
INSERT INTO XACML.FUNCTIONDEFINITION (ID,ARG_LB,ARG_UB,HO_ARG_LB,HO_ARG_UB,HO_PRIMITIVE,IS_BAG_RETURN,IS_HIGHER_ORDER,SHORT_NAME,XACML_ID,RETURN_DATATYPE) VALUES (51,2,2,null,null,null,0,0,'anyURI-equal','urn:oasis:names:tc:xacml:1.0:function:anyURI-equal',18);
INSERT INTO XACML.FUNCTIONDEFINITION (ID,ARG_LB,ARG_UB,HO_ARG_LB,HO_ARG_UB,HO_PRIMITIVE,IS_BAG_RETURN,IS_HIGHER_ORDER,SHORT_NAME,XACML_ID,RETURN_DATATYPE) VALUES (52,2,2,null,null,null,0,0,'x500Name-equal','urn:oasis:names:tc:xacml:1.0:function:x500Name-equal',18);
INSERT INTO XACML.FUNCTIONDEFINITION (ID,ARG_LB,ARG_UB,HO_ARG_LB,HO_ARG_UB,HO_PRIMITIVE,IS_BAG_RETURN,IS_HIGHER_ORDER,SHORT_NAME,XACML_ID,RETURN_DATATYPE) VALUES (53,2,2,null,null,null,0,0,'rfc822Name-equal','urn:oasis:names:tc:xacml:1.0:function:rfc822Name-equal',18);
INSERT INTO XACML.FUNCTIONDEFINITION (ID,ARG_LB,ARG_UB,HO_ARG_LB,HO_ARG_UB,HO_PRIMITIVE,IS_BAG_RETURN,IS_HIGHER_ORDER,SHORT_NAME,XACML_ID,RETURN_DATATYPE) VALUES (54,2,2,null,null,null,0,0,'hexBinary-equal','urn:oasis:names:tc:xacml:1.0:function:hexBinary-equal',18);
INSERT INTO XACML.FUNCTIONDEFINITION (ID,ARG_LB,ARG_UB,HO_ARG_LB,HO_ARG_UB,HO_PRIMITIVE,IS_BAG_RETURN,IS_HIGHER_ORDER,SHORT_NAME,XACML_ID,RETURN_DATATYPE) VALUES (55,2,2,null,null,null,0,0,'base64Binary-equal','urn:oasis:names:tc:xacml:1.0:function:base64Binary-equal',18);
INSERT INTO XACML.FUNCTIONDEFINITION (ID,ARG_LB,ARG_UB,HO_ARG_LB,HO_ARG_UB,HO_PRIMITIVE,IS_BAG_RETURN,IS_HIGHER_ORDER,SHORT_NAME,XACML_ID,RETURN_DATATYPE) VALUES (56,2,2,null,null,null,0,0,'integer-add','urn:oasis:names:tc:xacml:1.0:function:integer-add',12);
INSERT INTO XACML.FUNCTIONDEFINITION (ID,ARG_LB,ARG_UB,HO_ARG_LB,HO_ARG_UB,HO_PRIMITIVE,IS_BAG_RETURN,IS_HIGHER_ORDER,SHORT_NAME,XACML_ID,RETURN_DATATYPE) VALUES (57,2,2,null,null,null,0,0,'double-add','urn:oasis:names:tc:xacml:1.0:function:double-add',25);
INSERT INTO XACML.FUNCTIONDEFINITION (ID,ARG_LB,ARG_UB,HO_ARG_LB,HO_ARG_UB,HO_PRIMITIVE,IS_BAG_RETURN,IS_HIGHER_ORDER,SHORT_NAME,XACML_ID,RETURN_DATATYPE) VALUES (58,2,2,null,null,null,0,0,'double-subtract','urn:oasis:names:tc:xacml:1.0:function:double-subtract',25);
INSERT INTO XACML.FUNCTIONDEFINITION (ID,ARG_LB,ARG_UB,HO_ARG_LB,HO_ARG_UB,HO_PRIMITIVE,IS_BAG_RETURN,IS_HIGHER_ORDER,SHORT_NAME,XACML_ID,RETURN_DATATYPE) VALUES (59,2,2,null,null,null,0,0,'integer-multiply','urn:oasis:names:tc:xacml:1.0:function:integer-multiply',12);
INSERT INTO XACML.FUNCTIONDEFINITION (ID,ARG_LB,ARG_UB,HO_ARG_LB,HO_ARG_UB,HO_PRIMITIVE,IS_BAG_RETURN,IS_HIGHER_ORDER,SHORT_NAME,XACML_ID,RETURN_DATATYPE) VALUES (60,2,2,null,null,null,0,0,'double-multiply','urn:oasis:names:tc:xacml:1.0:function:double-multiply',25);
INSERT INTO XACML.FUNCTIONDEFINITION (ID,ARG_LB,ARG_UB,HO_ARG_LB,HO_ARG_UB,HO_PRIMITIVE,IS_BAG_RETURN,IS_HIGHER_ORDER,SHORT_NAME,XACML_ID,RETURN_DATATYPE) VALUES (61,2,2,null,null,null,0,0,'integer-divide','urn:oasis:names:tc:xacml:1.0:function:integer-divide',12);
INSERT INTO XACML.FUNCTIONDEFINITION (ID,ARG_LB,ARG_UB,HO_ARG_LB,HO_ARG_UB,HO_PRIMITIVE,IS_BAG_RETURN,IS_HIGHER_ORDER,SHORT_NAME,XACML_ID,RETURN_DATATYPE) VALUES (62,2,2,null,null,null,0,0,'double-divide','urn:oasis:names:tc:xacml:1.0:function:double-divide',25);
INSERT INTO XACML.FUNCTIONDEFINITION (ID,ARG_LB,ARG_UB,HO_ARG_LB,HO_ARG_UB,HO_PRIMITIVE,IS_BAG_RETURN,IS_HIGHER_ORDER,SHORT_NAME,XACML_ID,RETURN_DATATYPE) VALUES (63,2,2,null,null,null,0,0,'integer-mod','urn:oasis:names:tc:xacml:1.0:function:integer-mod',12);
INSERT INTO XACML.FUNCTIONDEFINITION (ID,ARG_LB,ARG_UB,HO_ARG_LB,HO_ARG_UB,HO_PRIMITIVE,IS_BAG_RETURN,IS_HIGHER_ORDER,SHORT_NAME,XACML_ID,RETURN_DATATYPE) VALUES (64,1,1,null,null,null,0,0,'integer-abs','urn:oasis:names:tc:xacml:1.0:function:integer-abs',12);
INSERT INTO XACML.FUNCTIONDEFINITION (ID,ARG_LB,ARG_UB,HO_ARG_LB,HO_ARG_UB,HO_PRIMITIVE,IS_BAG_RETURN,IS_HIGHER_ORDER,SHORT_NAME,XACML_ID,RETURN_DATATYPE) VALUES (65,1,1,null,null,null,0,0,'double-abs','urn:oasis:names:tc:xacml:1.0:function:double-abs',25);
INSERT INTO XACML.FUNCTIONDEFINITION (ID,ARG_LB,ARG_UB,HO_ARG_LB,HO_ARG_UB,HO_PRIMITIVE,IS_BAG_RETURN,IS_HIGHER_ORDER,SHORT_NAME,XACML_ID,RETURN_DATATYPE) VALUES (66,1,1,null,null,null,0,0,'round','urn:oasis:names:tc:xacml:1.0:function:round',25);
INSERT INTO XACML.FUNCTIONDEFINITION (ID,ARG_LB,ARG_UB,HO_ARG_LB,HO_ARG_UB,HO_PRIMITIVE,IS_BAG_RETURN,IS_HIGHER_ORDER,SHORT_NAME,XACML_ID,RETURN_DATATYPE) VALUES (67,1,1,null,null,null,0,0,'floor','urn:oasis:names:tc:xacml:1.0:function:floor',25);
INSERT INTO XACML.FUNCTIONDEFINITION (ID,ARG_LB,ARG_UB,HO_ARG_LB,HO_ARG_UB,HO_PRIMITIVE,IS_BAG_RETURN,IS_HIGHER_ORDER,SHORT_NAME,XACML_ID,RETURN_DATATYPE) VALUES (68,1,1,null,null,null,0,0,'string-normalize-space','urn:oasis:names:tc:xacml:1.0:function:string-normalize-space',26);
INSERT INTO XACML.FUNCTIONDEFINITION (ID,ARG_LB,ARG_UB,HO_ARG_LB,HO_ARG_UB,HO_PRIMITIVE,IS_BAG_RETURN,IS_HIGHER_ORDER,SHORT_NAME,XACML_ID,RETURN_DATATYPE) VALUES (69,1,1,null,null,null,0,0,'string-normalize-to-lower-case','urn:oasis:names:tc:xacml:1.0:function:string-normalize-to-lower-case',26);
INSERT INTO XACML.FUNCTIONDEFINITION (ID,ARG_LB,ARG_UB,HO_ARG_LB,HO_ARG_UB,HO_PRIMITIVE,IS_BAG_RETURN,IS_HIGHER_ORDER,SHORT_NAME,XACML_ID,RETURN_DATATYPE) VALUES (70,1,1,null,null,null,0,0,'integer-to-double','urn:oasis:names:tc:xacml:1.0:function:integer-to-double',25);
INSERT INTO XACML.FUNCTIONDEFINITION (ID,ARG_LB,ARG_UB,HO_ARG_LB,HO_ARG_UB,HO_PRIMITIVE,IS_BAG_RETURN,IS_HIGHER_ORDER,SHORT_NAME,XACML_ID,RETURN_DATATYPE) VALUES (71,2,2,null,null,null,0,0,'integer-greater-than','urn:oasis:names:tc:xacml:1.0:function:integer-greater-than',18);
INSERT INTO XACML.FUNCTIONDEFINITION (ID,ARG_LB,ARG_UB,HO_ARG_LB,HO_ARG_UB,HO_PRIMITIVE,IS_BAG_RETURN,IS_HIGHER_ORDER,SHORT_NAME,XACML_ID,RETURN_DATATYPE) VALUES (72,2,2,null,null,null,0,0,'integer-less-than','urn:oasis:names:tc:xacml:1.0:function:integer-less-than',18);
INSERT INTO XACML.FUNCTIONDEFINITION (ID,ARG_LB,ARG_UB,HO_ARG_LB,HO_ARG_UB,HO_PRIMITIVE,IS_BAG_RETURN,IS_HIGHER_ORDER,SHORT_NAME,XACML_ID,RETURN_DATATYPE) VALUES (73,2,2,null,null,null,0,0,'integer-less-than-or-equal','urn:oasis:names:tc:xacml:1.0:function:integer-less-than-or-equal',18);
INSERT INTO XACML.FUNCTIONDEFINITION (ID,ARG_LB,ARG_UB,HO_ARG_LB,HO_ARG_UB,HO_PRIMITIVE,IS_BAG_RETURN,IS_HIGHER_ORDER,SHORT_NAME,XACML_ID,RETURN_DATATYPE) VALUES (74,2,2,null,null,null,0,0,'double-greater-than','urn:oasis:names:tc:xacml:1.0:function:double-greater-than',18);
INSERT INTO XACML.FUNCTIONDEFINITION (ID,ARG_LB,ARG_UB,HO_ARG_LB,HO_ARG_UB,HO_PRIMITIVE,IS_BAG_RETURN,IS_HIGHER_ORDER,SHORT_NAME,XACML_ID,RETURN_DATATYPE) VALUES (75,2,2,null,null,null,0,0,'double-greater-than-or-equal','urn:oasis:names:tc:xacml:1.0:function:double-greater-than-or-equal',18);
INSERT INTO XACML.FUNCTIONDEFINITION (ID,ARG_LB,ARG_UB,HO_ARG_LB,HO_ARG_UB,HO_PRIMITIVE,IS_BAG_RETURN,IS_HIGHER_ORDER,SHORT_NAME,XACML_ID,RETURN_DATATYPE) VALUES (76,2,2,null,null,null,0,0,'double-less-than','urn:oasis:names:tc:xacml:1.0:function:double-less-than',18);
INSERT INTO XACML.FUNCTIONDEFINITION (ID,ARG_LB,ARG_UB,HO_ARG_LB,HO_ARG_UB,HO_PRIMITIVE,IS_BAG_RETURN,IS_HIGHER_ORDER,SHORT_NAME,XACML_ID,RETURN_DATATYPE) VALUES (77,2,2,null,null,null,0,0,'double-less-than-or-equal','urn:oasis:names:tc:xacml:1.0:function:double-less-than-or-equal',18);
INSERT INTO XACML.FUNCTIONDEFINITION (ID,ARG_LB,ARG_UB,HO_ARG_LB,HO_ARG_UB,HO_PRIMITIVE,IS_BAG_RETURN,IS_HIGHER_ORDER,SHORT_NAME,XACML_ID,RETURN_DATATYPE) VALUES (78,2,2,null,null,null,0,0,'dateTime-add-dayTimeDuration','urn:oasis:names:tc:xacml:3.0:function:dateTime-add-dayTimeDuration',19);
INSERT INTO XACML.FUNCTIONDEFINITION (ID,ARG_LB,ARG_UB,HO_ARG_LB,HO_ARG_UB,HO_PRIMITIVE,IS_BAG_RETURN,IS_HIGHER_ORDER,SHORT_NAME,XACML_ID,RETURN_DATATYPE) VALUES (79,2,2,null,null,null,0,0,'dateTime-add-yearMonthDuration','urn:oasis:names:tc:xacml:3.0:function:dateTime-add-yearMonthDuration',19);
INSERT INTO XACML.FUNCTIONDEFINITION (ID,ARG_LB,ARG_UB,HO_ARG_LB,HO_ARG_UB,HO_PRIMITIVE,IS_BAG_RETURN,IS_HIGHER_ORDER,SHORT_NAME,XACML_ID,RETURN_DATATYPE) VALUES (80,2,2,null,null,null,0,0,'dateTime-subtract-dayTimeDuration','urn:oasis:names:tc:xacml:3.0:function:dateTime-subtract-dayTimeDuration',19);
INSERT INTO XACML.FUNCTIONDEFINITION (ID,ARG_LB,ARG_UB,HO_ARG_LB,HO_ARG_UB,HO_PRIMITIVE,IS_BAG_RETURN,IS_HIGHER_ORDER,SHORT_NAME,XACML_ID,RETURN_DATATYPE) VALUES (81,2,2,null,null,null,0,0,'dateTime-subtract-yearMonthDuration','urn:oasis:names:tc:xacml:3.0:function:dateTime-subtract-yearMonthDuration',19);
INSERT INTO XACML.FUNCTIONDEFINITION (ID,ARG_LB,ARG_UB,HO_ARG_LB,HO_ARG_UB,HO_PRIMITIVE,IS_BAG_RETURN,IS_HIGHER_ORDER,SHORT_NAME,XACML_ID,RETURN_DATATYPE) VALUES (82,2,2,null,null,null,0,0,'date-add-yearMonthDuration','urn:oasis:names:tc:xacml:3.0:function:date-add-yearMonthDuration',21);
INSERT INTO XACML.FUNCTIONDEFINITION (ID,ARG_LB,ARG_UB,HO_ARG_LB,HO_ARG_UB,HO_PRIMITIVE,IS_BAG_RETURN,IS_HIGHER_ORDER,SHORT_NAME,XACML_ID,RETURN_DATATYPE) VALUES (83,2,2,null,null,null,0,0,'date-subtract-yearMonthDuration','urn:oasis:names:tc:xacml:3.0:function:date-subtract-yearMonthDuration',21);
INSERT INTO XACML.FUNCTIONDEFINITION (ID,ARG_LB,ARG_UB,HO_ARG_LB,HO_ARG_UB,HO_PRIMITIVE,IS_BAG_RETURN,IS_HIGHER_ORDER,SHORT_NAME,XACML_ID,RETURN_DATATYPE) VALUES (84,2,2,null,null,null,0,0,'string-greater-than','urn:oasis:names:tc:xacml:1.0:function:string-greater-than',18);
INSERT INTO XACML.FUNCTIONDEFINITION (ID,ARG_LB,ARG_UB,HO_ARG_LB,HO_ARG_UB,HO_PRIMITIVE,IS_BAG_RETURN,IS_HIGHER_ORDER,SHORT_NAME,XACML_ID,RETURN_DATATYPE) VALUES (85,2,2,null,null,null,0,0,'string-greater-than-or-equal','urn:oasis:names:tc:xacml:1.0:function:string-greater-than-or-equal',18);
INSERT INTO XACML.FUNCTIONDEFINITION (ID,ARG_LB,ARG_UB,HO_ARG_LB,HO_ARG_UB,HO_PRIMITIVE,IS_BAG_RETURN,IS_HIGHER_ORDER,SHORT_NAME,XACML_ID,RETURN_DATATYPE) VALUES (86,2,2,null,null,null,0,0,'string-less-than','urn:oasis:names:tc:xacml:1.0:function:string-less-than',18);
INSERT INTO XACML.FUNCTIONDEFINITION (ID,ARG_LB,ARG_UB,HO_ARG_LB,HO_ARG_UB,HO_PRIMITIVE,IS_BAG_RETURN,IS_HIGHER_ORDER,SHORT_NAME,XACML_ID,RETURN_DATATYPE) VALUES (87,2,2,null,null,null,0,0,'string-less-than-or-equal','urn:oasis:names:tc:xacml:1.0:function:string-less-than-or-equal',18);
INSERT INTO XACML.FUNCTIONDEFINITION (ID,ARG_LB,ARG_UB,HO_ARG_LB,HO_ARG_UB,HO_PRIMITIVE,IS_BAG_RETURN,IS_HIGHER_ORDER,SHORT_NAME,XACML_ID,RETURN_DATATYPE) VALUES (88,2,2,null,null,null,0,0,'time-greater-than','urn:oasis:names:tc:xacml:1.0:function:time-greater-than',18);
INSERT INTO XACML.FUNCTIONDEFINITION (ID,ARG_LB,ARG_UB,HO_ARG_LB,HO_ARG_UB,HO_PRIMITIVE,IS_BAG_RETURN,IS_HIGHER_ORDER,SHORT_NAME,XACML_ID,RETURN_DATATYPE) VALUES (89,2,2,null,null,null,0,0,'time-greater-than-or-equal','urn:oasis:names:tc:xacml:1.0:function:time-greater-than-or-equal',18);
INSERT INTO XACML.FUNCTIONDEFINITION (ID,ARG_LB,ARG_UB,HO_ARG_LB,HO_ARG_UB,HO_PRIMITIVE,IS_BAG_RETURN,IS_HIGHER_ORDER,SHORT_NAME,XACML_ID,RETURN_DATATYPE) VALUES (90,2,2,null,null,null,0,0,'time-less-than','urn:oasis:names:tc:xacml:1.0:function:time-less-than',18);
INSERT INTO XACML.FUNCTIONDEFINITION (ID,ARG_LB,ARG_UB,HO_ARG_LB,HO_ARG_UB,HO_PRIMITIVE,IS_BAG_RETURN,IS_HIGHER_ORDER,SHORT_NAME,XACML_ID,RETURN_DATATYPE) VALUES (91,2,2,null,null,null,0,0,'time-less-than-or-equal','urn:oasis:names:tc:xacml:1.0:function:time-less-than-or-equal',18);
INSERT INTO XACML.FUNCTIONDEFINITION (ID,ARG_LB,ARG_UB,HO_ARG_LB,HO_ARG_UB,HO_PRIMITIVE,IS_BAG_RETURN,IS_HIGHER_ORDER,SHORT_NAME,XACML_ID,RETURN_DATATYPE) VALUES (92,3,3,null,null,null,0,0,'time-in-range','urn:oasis:names:tc:xacml:2.0:function:time-in-range',18);
INSERT INTO XACML.FUNCTIONDEFINITION (ID,ARG_LB,ARG_UB,HO_ARG_LB,HO_ARG_UB,HO_PRIMITIVE,IS_BAG_RETURN,IS_HIGHER_ORDER,SHORT_NAME,XACML_ID,RETURN_DATATYPE) VALUES (93,2,2,null,null,null,0,0,'dateTime-greater-than','urn:oasis:names:tc:xacml:1.0:function:dateTime-greater-than',18);
INSERT INTO XACML.FUNCTIONDEFINITION (ID,ARG_LB,ARG_UB,HO_ARG_LB,HO_ARG_UB,HO_PRIMITIVE,IS_BAG_RETURN,IS_HIGHER_ORDER,SHORT_NAME,XACML_ID,RETURN_DATATYPE) VALUES (94,2,2,null,null,null,0,0,'dateTime-greater-than-or-equal','urn:oasis:names:tc:xacml:1.0:function:dateTime-greater-than-or-equal',18);
INSERT INTO XACML.FUNCTIONDEFINITION (ID,ARG_LB,ARG_UB,HO_ARG_LB,HO_ARG_UB,HO_PRIMITIVE,IS_BAG_RETURN,IS_HIGHER_ORDER,SHORT_NAME,XACML_ID,RETURN_DATATYPE) VALUES (95,2,2,null,null,null,0,0,'dateTime-less-than','urn:oasis:names:tc:xacml:1.0:function:dateTime-less-than',18);
INSERT INTO XACML.FUNCTIONDEFINITION (ID,ARG_LB,ARG_UB,HO_ARG_LB,HO_ARG_UB,HO_PRIMITIVE,IS_BAG_RETURN,IS_HIGHER_ORDER,SHORT_NAME,XACML_ID,RETURN_DATATYPE) VALUES (96,2,2,null,null,null,0,0,'dateTime-less-than-or-equal','urn:oasis:names:tc:xacml:1.0:function:dateTime-less-than-or-equal',18);
INSERT INTO XACML.FUNCTIONDEFINITION (ID,ARG_LB,ARG_UB,HO_ARG_LB,HO_ARG_UB,HO_PRIMITIVE,IS_BAG_RETURN,IS_HIGHER_ORDER,SHORT_NAME,XACML_ID,RETURN_DATATYPE) VALUES (97,2,2,null,null,null,0,0,'date-greater-than','urn:oasis:names:tc:xacml:1.0:function:date-greater-than',18);
INSERT INTO XACML.FUNCTIONDEFINITION (ID,ARG_LB,ARG_UB,HO_ARG_LB,HO_ARG_UB,HO_PRIMITIVE,IS_BAG_RETURN,IS_HIGHER_ORDER,SHORT_NAME,XACML_ID,RETURN_DATATYPE) VALUES (98,2,2,null,null,null,0,0,'date-greater-than-or-equal','urn:oasis:names:tc:xacml:1.0:function:date-greater-than-or-equal',18);
INSERT INTO XACML.FUNCTIONDEFINITION (ID,ARG_LB,ARG_UB,HO_ARG_LB,HO_ARG_UB,HO_PRIMITIVE,IS_BAG_RETURN,IS_HIGHER_ORDER,SHORT_NAME,XACML_ID,RETURN_DATATYPE) VALUES (99,2,2,null,null,null,0,0,'date-less-than','urn:oasis:names:tc:xacml:1.0:function:date-less-than',18);
INSERT INTO XACML.FUNCTIONDEFINITION (ID,ARG_LB,ARG_UB,HO_ARG_LB,HO_ARG_UB,HO_PRIMITIVE,IS_BAG_RETURN,IS_HIGHER_ORDER,SHORT_NAME,XACML_ID,RETURN_DATATYPE) VALUES (100,2,2,null,null,null,0,0,'date-less-than-or-equal','urn:oasis:names:tc:xacml:1.0:function:date-less-than-or-equal',18);
INSERT INTO XACML.FUNCTIONDEFINITION (ID,ARG_LB,ARG_UB,HO_ARG_LB,HO_ARG_UB,HO_PRIMITIVE,IS_BAG_RETURN,IS_HIGHER_ORDER,SHORT_NAME,XACML_ID,RETURN_DATATYPE) VALUES (101,1,1,null,null,null,0,0,'string-one-and-only','urn:oasis:names:tc:xacml:1.0:function:string-one-and-only',26);
INSERT INTO XACML.FUNCTIONDEFINITION (ID,ARG_LB,ARG_UB,HO_ARG_LB,HO_ARG_UB,HO_PRIMITIVE,IS_BAG_RETURN,IS_HIGHER_ORDER,SHORT_NAME,XACML_ID,RETURN_DATATYPE) VALUES (102,1,1,null,null,null,0,0,'string-bag-size','urn:oasis:names:tc:xacml:1.0:function:string-bag-size',12);
INSERT INTO XACML.FUNCTIONDEFINITION (ID,ARG_LB,ARG_UB,HO_ARG_LB,HO_ARG_UB,HO_PRIMITIVE,IS_BAG_RETURN,IS_HIGHER_ORDER,SHORT_NAME,XACML_ID,RETURN_DATATYPE) VALUES (103,2,2,null,null,null,0,0,'string-is-in','urn:oasis:names:tc:xacml:1.0:function:string-is-in',18);
INSERT INTO XACML.FUNCTIONDEFINITION (ID,ARG_LB,ARG_UB,HO_ARG_LB,HO_ARG_UB,HO_PRIMITIVE,IS_BAG_RETURN,IS_HIGHER_ORDER,SHORT_NAME,XACML_ID,RETURN_DATATYPE) VALUES (104,1,-1,null,null,null,1,0,'string-bag','urn:oasis:names:tc:xacml:1.0:function:string-bag',26);
INSERT INTO XACML.FUNCTIONDEFINITION (ID,ARG_LB,ARG_UB,HO_ARG_LB,HO_ARG_UB,HO_PRIMITIVE,IS_BAG_RETURN,IS_HIGHER_ORDER,SHORT_NAME,XACML_ID,RETURN_DATATYPE) VALUES (105,1,1,null,null,null,0,0,'integer-bag-size','urn:oasis:names:tc:xacml:1.0:function:integer-bag-size',12);
INSERT INTO XACML.FUNCTIONDEFINITION (ID,ARG_LB,ARG_UB,HO_ARG_LB,HO_ARG_UB,HO_PRIMITIVE,IS_BAG_RETURN,IS_HIGHER_ORDER,SHORT_NAME,XACML_ID,RETURN_DATATYPE) VALUES (106,2,2,null,null,null,0,0,'integer-is-in','urn:oasis:names:tc:xacml:1.0:function:integer-is-in',18);
INSERT INTO XACML.FUNCTIONDEFINITION (ID,ARG_LB,ARG_UB,HO_ARG_LB,HO_ARG_UB,HO_PRIMITIVE,IS_BAG_RETURN,IS_HIGHER_ORDER,SHORT_NAME,XACML_ID,RETURN_DATATYPE) VALUES (107,1,-1,null,null,null,1,0,'integer-bag','urn:oasis:names:tc:xacml:1.0:function:integer-bag',12);
INSERT INTO XACML.FUNCTIONDEFINITION (ID,ARG_LB,ARG_UB,HO_ARG_LB,HO_ARG_UB,HO_PRIMITIVE,IS_BAG_RETURN,IS_HIGHER_ORDER,SHORT_NAME,XACML_ID,RETURN_DATATYPE) VALUES (108,1,1,null,null,null,0,0,'double-bag-size','urn:oasis:names:tc:xacml:1.0:function:double-bag-size',12);
INSERT INTO XACML.FUNCTIONDEFINITION (ID,ARG_LB,ARG_UB,HO_ARG_LB,HO_ARG_UB,HO_PRIMITIVE,IS_BAG_RETURN,IS_HIGHER_ORDER,SHORT_NAME,XACML_ID,RETURN_DATATYPE) VALUES (109,2,2,null,null,null,0,0,'double-is-in','urn:oasis:names:tc:xacml:1.0:function:double-is-in',18);
INSERT INTO XACML.FUNCTIONDEFINITION (ID,ARG_LB,ARG_UB,HO_ARG_LB,HO_ARG_UB,HO_PRIMITIVE,IS_BAG_RETURN,IS_HIGHER_ORDER,SHORT_NAME,XACML_ID,RETURN_DATATYPE) VALUES (110,1,-1,null,null,null,1,0,'double-bag','urn:oasis:names:tc:xacml:1.0:function:double-bag',25);
INSERT INTO XACML.FUNCTIONDEFINITION (ID,ARG_LB,ARG_UB,HO_ARG_LB,HO_ARG_UB,HO_PRIMITIVE,IS_BAG_RETURN,IS_HIGHER_ORDER,SHORT_NAME,XACML_ID,RETURN_DATATYPE) VALUES (111,1,1,null,null,null,0,0,'boolean-one-and-only','urn:oasis:names:tc:xacml:1.0:function:boolean-one-and-only',18);
INSERT INTO XACML.FUNCTIONDEFINITION (ID,ARG_LB,ARG_UB,HO_ARG_LB,HO_ARG_UB,HO_PRIMITIVE,IS_BAG_RETURN,IS_HIGHER_ORDER,SHORT_NAME,XACML_ID,RETURN_DATATYPE) VALUES (112,1,1,null,null,null,0,0,'boolean-bag-size','urn:oasis:names:tc:xacml:1.0:function:boolean-bag-size',12);
INSERT INTO XACML.FUNCTIONDEFINITION (ID,ARG_LB,ARG_UB,HO_ARG_LB,HO_ARG_UB,HO_PRIMITIVE,IS_BAG_RETURN,IS_HIGHER_ORDER,SHORT_NAME,XACML_ID,RETURN_DATATYPE) VALUES (113,2,2,null,null,null,0,0,'boolean-is-in','urn:oasis:names:tc:xacml:1.0:function:boolean-is-in',18);
INSERT INTO XACML.FUNCTIONDEFINITION (ID,ARG_LB,ARG_UB,HO_ARG_LB,HO_ARG_UB,HO_PRIMITIVE,IS_BAG_RETURN,IS_HIGHER_ORDER,SHORT_NAME,XACML_ID,RETURN_DATATYPE) VALUES (114,1,-1,null,null,null,1,0,'boolean-bag','urn:oasis:names:tc:xacml:1.0:function:boolean-bag',18);
INSERT INTO XACML.FUNCTIONDEFINITION (ID,ARG_LB,ARG_UB,HO_ARG_LB,HO_ARG_UB,HO_PRIMITIVE,IS_BAG_RETURN,IS_HIGHER_ORDER,SHORT_NAME,XACML_ID,RETURN_DATATYPE) VALUES (115,1,1,null,null,null,0,0,'time-one-and-only','urn:oasis:names:tc:xacml:1.0:function:time-one-and-only',16);
INSERT INTO XACML.FUNCTIONDEFINITION (ID,ARG_LB,ARG_UB,HO_ARG_LB,HO_ARG_UB,HO_PRIMITIVE,IS_BAG_RETURN,IS_HIGHER_ORDER,SHORT_NAME,XACML_ID,RETURN_DATATYPE) VALUES (116,1,1,null,null,null,0,0,'time-bag-size','urn:oasis:names:tc:xacml:1.0:function:time-bag-size',12);
INSERT INTO XACML.FUNCTIONDEFINITION (ID,ARG_LB,ARG_UB,HO_ARG_LB,HO_ARG_UB,HO_PRIMITIVE,IS_BAG_RETURN,IS_HIGHER_ORDER,SHORT_NAME,XACML_ID,RETURN_DATATYPE) VALUES (117,2,2,null,null,null,0,0,'time-is-in','urn:oasis:names:tc:xacml:1.0:function:time-is-in',18);
INSERT INTO XACML.FUNCTIONDEFINITION (ID,ARG_LB,ARG_UB,HO_ARG_LB,HO_ARG_UB,HO_PRIMITIVE,IS_BAG_RETURN,IS_HIGHER_ORDER,SHORT_NAME,XACML_ID,RETURN_DATATYPE) VALUES (118,1,-1,null,null,null,1,0,'time-bag','urn:oasis:names:tc:xacml:1.0:function:time-bag',16);
INSERT INTO XACML.FUNCTIONDEFINITION (ID,ARG_LB,ARG_UB,HO_ARG_LB,HO_ARG_UB,HO_PRIMITIVE,IS_BAG_RETURN,IS_HIGHER_ORDER,SHORT_NAME,XACML_ID,RETURN_DATATYPE) VALUES (119,1,1,null,null,null,0,0,'date-one-and-only','urn:oasis:names:tc:xacml:1.0:function:date-one-and-only',21);
INSERT INTO XACML.FUNCTIONDEFINITION (ID,ARG_LB,ARG_UB,HO_ARG_LB,HO_ARG_UB,HO_PRIMITIVE,IS_BAG_RETURN,IS_HIGHER_ORDER,SHORT_NAME,XACML_ID,RETURN_DATATYPE) VALUES (120,1,1,null,null,null,0,0,'date-bag-size','urn:oasis:names:tc:xacml:1.0:function:date-bag-size',12);
INSERT INTO XACML.FUNCTIONDEFINITION (ID,ARG_LB,ARG_UB,HO_ARG_LB,HO_ARG_UB,HO_PRIMITIVE,IS_BAG_RETURN,IS_HIGHER_ORDER,SHORT_NAME,XACML_ID,RETURN_DATATYPE) VALUES (121,2,2,null,null,null,0,0,'date-is-in','urn:oasis:names:tc:xacml:1.0:function:date-is-in',18);
INSERT INTO XACML.FUNCTIONDEFINITION (ID,ARG_LB,ARG_UB,HO_ARG_LB,HO_ARG_UB,HO_PRIMITIVE,IS_BAG_RETURN,IS_HIGHER_ORDER,SHORT_NAME,XACML_ID,RETURN_DATATYPE) VALUES (122,1,-1,null,null,null,1,0,'date-bag','urn:oasis:names:tc:xacml:1.0:function:date-bag',21);
INSERT INTO XACML.FUNCTIONDEFINITION (ID,ARG_LB,ARG_UB,HO_ARG_LB,HO_ARG_UB,HO_PRIMITIVE,IS_BAG_RETURN,IS_HIGHER_ORDER,SHORT_NAME,XACML_ID,RETURN_DATATYPE) VALUES (123,1,1,null,null,null,0,0,'dateTime-one-and-only','urn:oasis:names:tc:xacml:1.0:function:dateTime-one-and-only',19);
INSERT INTO XACML.FUNCTIONDEFINITION (ID,ARG_LB,ARG_UB,HO_ARG_LB,HO_ARG_UB,HO_PRIMITIVE,IS_BAG_RETURN,IS_HIGHER_ORDER,SHORT_NAME,XACML_ID,RETURN_DATATYPE) VALUES (124,1,1,null,null,null,0,0,'dateTime-bag-size','urn:oasis:names:tc:xacml:1.0:function:dateTime-bag-size',12);
INSERT INTO XACML.FUNCTIONDEFINITION (ID,ARG_LB,ARG_UB,HO_ARG_LB,HO_ARG_UB,HO_PRIMITIVE,IS_BAG_RETURN,IS_HIGHER_ORDER,SHORT_NAME,XACML_ID,RETURN_DATATYPE) VALUES (125,2,2,null,null,null,0,0,'dateTime-is-in','urn:oasis:names:tc:xacml:1.0:function:dateTime-is-in',18);
INSERT INTO XACML.FUNCTIONDEFINITION (ID,ARG_LB,ARG_UB,HO_ARG_LB,HO_ARG_UB,HO_PRIMITIVE,IS_BAG_RETURN,IS_HIGHER_ORDER,SHORT_NAME,XACML_ID,RETURN_DATATYPE) VALUES (126,1,-1,null,null,null,1,0,'dateTime-bag','urn:oasis:names:tc:xacml:1.0:function:dateTime-bag',19);
INSERT INTO XACML.FUNCTIONDEFINITION (ID,ARG_LB,ARG_UB,HO_ARG_LB,HO_ARG_UB,HO_PRIMITIVE,IS_BAG_RETURN,IS_HIGHER_ORDER,SHORT_NAME,XACML_ID,RETURN_DATATYPE) VALUES (127,1,1,null,null,null,0,0,'anyURI-one-and-only','urn:oasis:names:tc:xacml:1.0:function:anyURI-one-and-only',27);
INSERT INTO XACML.FUNCTIONDEFINITION (ID,ARG_LB,ARG_UB,HO_ARG_LB,HO_ARG_UB,HO_PRIMITIVE,IS_BAG_RETURN,IS_HIGHER_ORDER,SHORT_NAME,XACML_ID,RETURN_DATATYPE) VALUES (128,1,1,null,null,null,0,0,'anyURI-bag-size','urn:oasis:names:tc:xacml:1.0:function:anyURI-bag-size',12);
INSERT INTO XACML.FUNCTIONDEFINITION (ID,ARG_LB,ARG_UB,HO_ARG_LB,HO_ARG_UB,HO_PRIMITIVE,IS_BAG_RETURN,IS_HIGHER_ORDER,SHORT_NAME,XACML_ID,RETURN_DATATYPE) VALUES (129,2,2,null,null,null,0,0,'anyURI-is-in','urn:oasis:names:tc:xacml:1.0:function:anyURI-is-in',18);
INSERT INTO XACML.FUNCTIONDEFINITION (ID,ARG_LB,ARG_UB,HO_ARG_LB,HO_ARG_UB,HO_PRIMITIVE,IS_BAG_RETURN,IS_HIGHER_ORDER,SHORT_NAME,XACML_ID,RETURN_DATATYPE) VALUES (130,1,-1,null,null,null,1,0,'anyURI-bag','urn:oasis:names:tc:xacml:1.0:function:anyURI-bag',27);
INSERT INTO XACML.FUNCTIONDEFINITION (ID,ARG_LB,ARG_UB,HO_ARG_LB,HO_ARG_UB,HO_PRIMITIVE,IS_BAG_RETURN,IS_HIGHER_ORDER,SHORT_NAME,XACML_ID,RETURN_DATATYPE) VALUES (131,1,1,null,null,null,0,0,'hexBinary-one-and-only','urn:oasis:names:tc:xacml:1.0:function:hexBinary-one-and-only',24);
INSERT INTO XACML.FUNCTIONDEFINITION (ID,ARG_LB,ARG_UB,HO_ARG_LB,HO_ARG_UB,HO_PRIMITIVE,IS_BAG_RETURN,IS_HIGHER_ORDER,SHORT_NAME,XACML_ID,RETURN_DATATYPE) VALUES (132,1,1,null,null,null,0,0,'hexBinary-bag-size','urn:oasis:names:tc:xacml:1.0:function:hexBinary-bag-size',12);
INSERT INTO XACML.FUNCTIONDEFINITION (ID,ARG_LB,ARG_UB,HO_ARG_LB,HO_ARG_UB,HO_PRIMITIVE,IS_BAG_RETURN,IS_HIGHER_ORDER,SHORT_NAME,XACML_ID,RETURN_DATATYPE) VALUES (133,2,2,null,null,null,0,0,'hexBinary-is-in','urn:oasis:names:tc:xacml:1.0:function:hexBinary-is-in',18);
INSERT INTO XACML.FUNCTIONDEFINITION (ID,ARG_LB,ARG_UB,HO_ARG_LB,HO_ARG_UB,HO_PRIMITIVE,IS_BAG_RETURN,IS_HIGHER_ORDER,SHORT_NAME,XACML_ID,RETURN_DATATYPE) VALUES (134,1,-1,null,null,null,1,0,'hexBinary-bag','urn:oasis:names:tc:xacml:1.0:function:hexBinary-bag',24);
INSERT INTO XACML.FUNCTIONDEFINITION (ID,ARG_LB,ARG_UB,HO_ARG_LB,HO_ARG_UB,HO_PRIMITIVE,IS_BAG_RETURN,IS_HIGHER_ORDER,SHORT_NAME,XACML_ID,RETURN_DATATYPE) VALUES (135,1,1,null,null,null,0,0,'base64Binary-one-and-only','urn:oasis:names:tc:xacml:1.0:function:base64Binary-one-and-only',13);
INSERT INTO XACML.FUNCTIONDEFINITION (ID,ARG_LB,ARG_UB,HO_ARG_LB,HO_ARG_UB,HO_PRIMITIVE,IS_BAG_RETURN,IS_HIGHER_ORDER,SHORT_NAME,XACML_ID,RETURN_DATATYPE) VALUES (136,1,1,null,null,null,0,0,'base64Binary-bag-size','urn:oasis:names:tc:xacml:1.0:function:base64Binary-bag-size',12);
INSERT INTO XACML.FUNCTIONDEFINITION (ID,ARG_LB,ARG_UB,HO_ARG_LB,HO_ARG_UB,HO_PRIMITIVE,IS_BAG_RETURN,IS_HIGHER_ORDER,SHORT_NAME,XACML_ID,RETURN_DATATYPE) VALUES (137,2,2,null,null,null,0,0,'base64Binary-is-in','urn:oasis:names:tc:xacml:1.0:function:base64Binary-is-in',18);
INSERT INTO XACML.FUNCTIONDEFINITION (ID,ARG_LB,ARG_UB,HO_ARG_LB,HO_ARG_UB,HO_PRIMITIVE,IS_BAG_RETURN,IS_HIGHER_ORDER,SHORT_NAME,XACML_ID,RETURN_DATATYPE) VALUES (138,1,-1,null,null,null,1,0,'base64Binary-bag','urn:oasis:names:tc:xacml:1.0:function:base64Binary-bag',13);
INSERT INTO XACML.FUNCTIONDEFINITION (ID,ARG_LB,ARG_UB,HO_ARG_LB,HO_ARG_UB,HO_PRIMITIVE,IS_BAG_RETURN,IS_HIGHER_ORDER,SHORT_NAME,XACML_ID,RETURN_DATATYPE) VALUES (139,1,1,null,null,null,0,0,'dayTimeDuration-one-and-only','urn:oasis:names:tc:xacml:3.0:function:dayTimeDuration-one-and-only',15);
INSERT INTO XACML.FUNCTIONDEFINITION (ID,ARG_LB,ARG_UB,HO_ARG_LB,HO_ARG_UB,HO_PRIMITIVE,IS_BAG_RETURN,IS_HIGHER_ORDER,SHORT_NAME,XACML_ID,RETURN_DATATYPE) VALUES (140,1,1,null,null,null,0,0,'dayTimeDuration-bag-size','urn:oasis:names:tc:xacml:3.0:function:dayTimeDuration-bag-size',12);
INSERT INTO XACML.FUNCTIONDEFINITION (ID,ARG_LB,ARG_UB,HO_ARG_LB,HO_ARG_UB,HO_PRIMITIVE,IS_BAG_RETURN,IS_HIGHER_ORDER,SHORT_NAME,XACML_ID,RETURN_DATATYPE) VALUES (141,2,2,null,null,null,0,0,'dayTimeDuration-is-in','urn:oasis:names:tc:xacml:3.0:function:dayTimeDuration-is-in',18);
INSERT INTO XACML.FUNCTIONDEFINITION (ID,ARG_LB,ARG_UB,HO_ARG_LB,HO_ARG_UB,HO_PRIMITIVE,IS_BAG_RETURN,IS_HIGHER_ORDER,SHORT_NAME,XACML_ID,RETURN_DATATYPE) VALUES (142,1,-1,null,null,null,1,0,'dayTimeDuration-bag','urn:oasis:names:tc:xacml:3.0:function:dayTimeDuration-bag',15);
INSERT INTO XACML.FUNCTIONDEFINITION (ID,ARG_LB,ARG_UB,HO_ARG_LB,HO_ARG_UB,HO_PRIMITIVE,IS_BAG_RETURN,IS_HIGHER_ORDER,SHORT_NAME,XACML_ID,RETURN_DATATYPE) VALUES (143,1,1,null,null,null,0,0,'yearMonthDuration-one-and-only','urn:oasis:names:tc:xacml:3.0:function:yearMonthDuration-one-and-only',23);
INSERT INTO XACML.FUNCTIONDEFINITION (ID,ARG_LB,ARG_UB,HO_ARG_LB,HO_ARG_UB,HO_PRIMITIVE,IS_BAG_RETURN,IS_HIGHER_ORDER,SHORT_NAME,XACML_ID,RETURN_DATATYPE) VALUES (144,1,1,null,null,null,0,0,'yearMonthDuration-bag-size','urn:oasis:names:tc:xacml:3.0:function:yearMonthDuration-bag-size',12);
INSERT INTO XACML.FUNCTIONDEFINITION (ID,ARG_LB,ARG_UB,HO_ARG_LB,HO_ARG_UB,HO_PRIMITIVE,IS_BAG_RETURN,IS_HIGHER_ORDER,SHORT_NAME,XACML_ID,RETURN_DATATYPE) VALUES (145,2,2,null,null,null,0,0,'yearMonthDuration-is-in','urn:oasis:names:tc:xacml:3.0:function:yearMonthDuration-is-in',18);
INSERT INTO XACML.FUNCTIONDEFINITION (ID,ARG_LB,ARG_UB,HO_ARG_LB,HO_ARG_UB,HO_PRIMITIVE,IS_BAG_RETURN,IS_HIGHER_ORDER,SHORT_NAME,XACML_ID,RETURN_DATATYPE) VALUES (146,1,-1,null,null,null,1,0,'yearMonthDuration-bag','urn:oasis:names:tc:xacml:3.0:function:yearMonthDuration-bag',23);
INSERT INTO XACML.FUNCTIONDEFINITION (ID,ARG_LB,ARG_UB,HO_ARG_LB,HO_ARG_UB,HO_PRIMITIVE,IS_BAG_RETURN,IS_HIGHER_ORDER,SHORT_NAME,XACML_ID,RETURN_DATATYPE) VALUES (147,1,1,null,null,null,0,0,'x500Name-one-and-only','urn:oasis:names:tc:xacml:1.0:function:x500Name-one-and-only',14);
INSERT INTO XACML.FUNCTIONDEFINITION (ID,ARG_LB,ARG_UB,HO_ARG_LB,HO_ARG_UB,HO_PRIMITIVE,IS_BAG_RETURN,IS_HIGHER_ORDER,SHORT_NAME,XACML_ID,RETURN_DATATYPE) VALUES (148,1,1,null,null,null,0,0,'x500Name-bag-size','urn:oasis:names:tc:xacml:1.0:function:x500Name-bag-size',12);
INSERT INTO XACML.FUNCTIONDEFINITION (ID,ARG_LB,ARG_UB,HO_ARG_LB,HO_ARG_UB,HO_PRIMITIVE,IS_BAG_RETURN,IS_HIGHER_ORDER,SHORT_NAME,XACML_ID,RETURN_DATATYPE) VALUES (149,2,2,null,null,null,0,0,'x500Name-is-in','urn:oasis:names:tc:xacml:1.0:function:x500Name-is-in',18);
INSERT INTO XACML.FUNCTIONDEFINITION (ID,ARG_LB,ARG_UB,HO_ARG_LB,HO_ARG_UB,HO_PRIMITIVE,IS_BAG_RETURN,IS_HIGHER_ORDER,SHORT_NAME,XACML_ID,RETURN_DATATYPE) VALUES (150,1,-1,null,null,null,1,0,'x500Name-bag','urn:oasis:names:tc:xacml:1.0:function:x500Name-bag',14);
INSERT INTO XACML.FUNCTIONDEFINITION (ID,ARG_LB,ARG_UB,HO_ARG_LB,HO_ARG_UB,HO_PRIMITIVE,IS_BAG_RETURN,IS_HIGHER_ORDER,SHORT_NAME,XACML_ID,RETURN_DATATYPE) VALUES (151,1,1,null,null,null,0,0,'rfc822Name-one-and-only','urn:oasis:names:tc:xacml:1.0:function:rfc822Name-one-and-only',20);
INSERT INTO XACML.FUNCTIONDEFINITION (ID,ARG_LB,ARG_UB,HO_ARG_LB,HO_ARG_UB,HO_PRIMITIVE,IS_BAG_RETURN,IS_HIGHER_ORDER,SHORT_NAME,XACML_ID,RETURN_DATATYPE) VALUES (152,1,1,null,null,null,0,0,'rfc822Name-bag-size','urn:oasis:names:tc:xacml:1.0:function:rfc822Name-bag-size',12);
INSERT INTO XACML.FUNCTIONDEFINITION (ID,ARG_LB,ARG_UB,HO_ARG_LB,HO_ARG_UB,HO_PRIMITIVE,IS_BAG_RETURN,IS_HIGHER_ORDER,SHORT_NAME,XACML_ID,RETURN_DATATYPE) VALUES (153,2,2,null,null,null,0,0,'rfc822Name-is-in','urn:oasis:names:tc:xacml:1.0:function:rfc822Name-is-in',18);
INSERT INTO XACML.FUNCTIONDEFINITION (ID,ARG_LB,ARG_UB,HO_ARG_LB,HO_ARG_UB,HO_PRIMITIVE,IS_BAG_RETURN,IS_HIGHER_ORDER,SHORT_NAME,XACML_ID,RETURN_DATATYPE) VALUES (154,1,-1,null,null,null,1,0,'rfc822Name-bag','urn:oasis:names:tc:xacml:1.0:function:rfc822Name-bag',20);
INSERT INTO XACML.FUNCTIONDEFINITION (ID,ARG_LB,ARG_UB,HO_ARG_LB,HO_ARG_UB,HO_PRIMITIVE,IS_BAG_RETURN,IS_HIGHER_ORDER,SHORT_NAME,XACML_ID,RETURN_DATATYPE) VALUES (155,1,1,null,null,null,0,0,'ipAddress-one-and-only','urn:oasis:names:tc:xacml:2.0:function:ipAddress-one-and-only',22);
INSERT INTO XACML.FUNCTIONDEFINITION (ID,ARG_LB,ARG_UB,HO_ARG_LB,HO_ARG_UB,HO_PRIMITIVE,IS_BAG_RETURN,IS_HIGHER_ORDER,SHORT_NAME,XACML_ID,RETURN_DATATYPE) VALUES (156,1,1,null,null,null,0,0,'ipAddress-bag-size','urn:oasis:names:tc:xacml:2.0:function:ipAddress-bag-size',12);
INSERT INTO XACML.FUNCTIONDEFINITION (ID,ARG_LB,ARG_UB,HO_ARG_LB,HO_ARG_UB,HO_PRIMITIVE,IS_BAG_RETURN,IS_HIGHER_ORDER,SHORT_NAME,XACML_ID,RETURN_DATATYPE) VALUES (157,2,2,null,null,null,0,0,'ipAddress-is-in','urn:oasis:names:tc:xacml:2.0:function:ipAddress-is-in',18);
INSERT INTO XACML.FUNCTIONDEFINITION (ID,ARG_LB,ARG_UB,HO_ARG_LB,HO_ARG_UB,HO_PRIMITIVE,IS_BAG_RETURN,IS_HIGHER_ORDER,SHORT_NAME,XACML_ID,RETURN_DATATYPE) VALUES (158,1,-1,null,null,null,1,0,'ipAddress-bag','urn:oasis:names:tc:xacml:2.0:function:ipAddress-bag',22);
INSERT INTO XACML.FUNCTIONDEFINITION (ID,ARG_LB,ARG_UB,HO_ARG_LB,HO_ARG_UB,HO_PRIMITIVE,IS_BAG_RETURN,IS_HIGHER_ORDER,SHORT_NAME,XACML_ID,RETURN_DATATYPE) VALUES (159,1,1,null,null,null,0,0,'dnsName-one-and-only','urn:oasis:names:tc:xacml:2.0:function:dnsName-one-and-only',17);
INSERT INTO XACML.FUNCTIONDEFINITION (ID,ARG_LB,ARG_UB,HO_ARG_LB,HO_ARG_UB,HO_PRIMITIVE,IS_BAG_RETURN,IS_HIGHER_ORDER,SHORT_NAME,XACML_ID,RETURN_DATATYPE) VALUES (160,1,1,null,null,null,0,0,'dnsName-bag-size','urn:oasis:names:tc:xacml:2.0:function:dnsName-bag-size',12);
INSERT INTO XACML.FUNCTIONDEFINITION (ID,ARG_LB,ARG_UB,HO_ARG_LB,HO_ARG_UB,HO_PRIMITIVE,IS_BAG_RETURN,IS_HIGHER_ORDER,SHORT_NAME,XACML_ID,RETURN_DATATYPE) VALUES (161,2,2,null,null,null,0,0,'dnsName-is-in','urn:oasis:names:tc:xacml:2.0:function:dnsName-is-in',18);
INSERT INTO XACML.FUNCTIONDEFINITION (ID,ARG_LB,ARG_UB,HO_ARG_LB,HO_ARG_UB,HO_PRIMITIVE,IS_BAG_RETURN,IS_HIGHER_ORDER,SHORT_NAME,XACML_ID,RETURN_DATATYPE) VALUES (162,1,-1,null,null,null,1,0,'dnsName-bag','urn:oasis:names:tc:xacml:2.0:function:dnsName-bag',17);
INSERT INTO XACML.FUNCTIONDEFINITION (ID,ARG_LB,ARG_UB,HO_ARG_LB,HO_ARG_UB,HO_PRIMITIVE,IS_BAG_RETURN,IS_HIGHER_ORDER,SHORT_NAME,XACML_ID,RETURN_DATATYPE) VALUES (163,2,2,null,null,null,0,0,'string-regexp-match','urn:oasis:names:tc:xacml:1.0:function:string-regexp-match',18);
INSERT INTO XACML.FUNCTIONDEFINITION (ID,ARG_LB,ARG_UB,HO_ARG_LB,HO_ARG_UB,HO_PRIMITIVE,IS_BAG_RETURN,IS_HIGHER_ORDER,SHORT_NAME,XACML_ID,RETURN_DATATYPE) VALUES (164,2,2,null,null,null,0,0,'anyURI-regexp-match','urn:oasis:names:tc:xacml:2.0:function:anyURI-regexp-match',18);
INSERT INTO XACML.FUNCTIONDEFINITION (ID,ARG_LB,ARG_UB,HO_ARG_LB,HO_ARG_UB,HO_PRIMITIVE,IS_BAG_RETURN,IS_HIGHER_ORDER,SHORT_NAME,XACML_ID,RETURN_DATATYPE) VALUES (165,2,2,null,null,null,0,0,'ipAddress-regexp-match','urn:oasis:names:tc:xacml:2.0:function:ipAddress-regexp-match',18);
INSERT INTO XACML.FUNCTIONDEFINITION (ID,ARG_LB,ARG_UB,HO_ARG_LB,HO_ARG_UB,HO_PRIMITIVE,IS_BAG_RETURN,IS_HIGHER_ORDER,SHORT_NAME,XACML_ID,RETURN_DATATYPE) VALUES (166,2,2,null,null,null,0,0,'dnsName-regexp-match','urn:oasis:names:tc:xacml:2.0:function:dnsName-regexp-match',18);
INSERT INTO XACML.FUNCTIONDEFINITION (ID,ARG_LB,ARG_UB,HO_ARG_LB,HO_ARG_UB,HO_PRIMITIVE,IS_BAG_RETURN,IS_HIGHER_ORDER,SHORT_NAME,XACML_ID,RETURN_DATATYPE) VALUES (167,2,2,null,null,null,0,0,'rfc822Name-regexp-match','urn:oasis:names:tc:xacml:2.0:function:rfc822Name-regexp-match',18);
INSERT INTO XACML.FUNCTIONDEFINITION (ID,ARG_LB,ARG_UB,HO_ARG_LB,HO_ARG_UB,HO_PRIMITIVE,IS_BAG_RETURN,IS_HIGHER_ORDER,SHORT_NAME,XACML_ID,RETURN_DATATYPE) VALUES (168,2,2,null,null,null,0,0,'x500Name-regexp-match','urn:oasis:names:tc:xacml:2.0:function:x500Name-regexp-match',18);
INSERT INTO XACML.FUNCTIONDEFINITION (ID,ARG_LB,ARG_UB,HO_ARG_LB,HO_ARG_UB,HO_PRIMITIVE,IS_BAG_RETURN,IS_HIGHER_ORDER,SHORT_NAME,XACML_ID,RETURN_DATATYPE) VALUES (169,2,2,null,null,null,1,0,'string-intersection','urn:oasis:names:tc:xacml:1.0:function:string-intersection',26);
INSERT INTO XACML.FUNCTIONDEFINITION (ID,ARG_LB,ARG_UB,HO_ARG_LB,HO_ARG_UB,HO_PRIMITIVE,IS_BAG_RETURN,IS_HIGHER_ORDER,SHORT_NAME,XACML_ID,RETURN_DATATYPE) VALUES (170,2,2,null,null,null,0,0,'string-at-least-one-member-of','urn:oasis:names:tc:xacml:1.0:function:string-at-least-one-member-of',18);
INSERT INTO XACML.FUNCTIONDEFINITION (ID,ARG_LB,ARG_UB,HO_ARG_LB,HO_ARG_UB,HO_PRIMITIVE,IS_BAG_RETURN,IS_HIGHER_ORDER,SHORT_NAME,XACML_ID,RETURN_DATATYPE) VALUES (171,2,-1,null,null,null,1,0,'string-union','urn:oasis:names:tc:xacml:1.0:function:string-union',26);
INSERT INTO XACML.FUNCTIONDEFINITION (ID,ARG_LB,ARG_UB,HO_ARG_LB,HO_ARG_UB,HO_PRIMITIVE,IS_BAG_RETURN,IS_HIGHER_ORDER,SHORT_NAME,XACML_ID,RETURN_DATATYPE) VALUES (172,2,2,null,null,null,0,0,'string-subset','urn:oasis:names:tc:xacml:1.0:function:string-subset',18);
INSERT INTO XACML.FUNCTIONDEFINITION (ID,ARG_LB,ARG_UB,HO_ARG_LB,HO_ARG_UB,HO_PRIMITIVE,IS_BAG_RETURN,IS_HIGHER_ORDER,SHORT_NAME,XACML_ID,RETURN_DATATYPE) VALUES (173,2,2,null,null,null,0,0,'string-set-equals','urn:oasis:names:tc:xacml:1.0:function:string-set-equals',18);
INSERT INTO XACML.FUNCTIONDEFINITION (ID,ARG_LB,ARG_UB,HO_ARG_LB,HO_ARG_UB,HO_PRIMITIVE,IS_BAG_RETURN,IS_HIGHER_ORDER,SHORT_NAME,XACML_ID,RETURN_DATATYPE) VALUES (174,2,2,null,null,null,0,0,'integer-at-least-one-member-of','urn:oasis:names:tc:xacml:1.0:function:integer-at-least-one-member-of',18);
INSERT INTO XACML.FUNCTIONDEFINITION (ID,ARG_LB,ARG_UB,HO_ARG_LB,HO_ARG_UB,HO_PRIMITIVE,IS_BAG_RETURN,IS_HIGHER_ORDER,SHORT_NAME,XACML_ID,RETURN_DATATYPE) VALUES (175,2,-1,null,null,null,1,0,'integer-union','urn:oasis:names:tc:xacml:1.0:function:integer-union',12);
INSERT INTO XACML.FUNCTIONDEFINITION (ID,ARG_LB,ARG_UB,HO_ARG_LB,HO_ARG_UB,HO_PRIMITIVE,IS_BAG_RETURN,IS_HIGHER_ORDER,SHORT_NAME,XACML_ID,RETURN_DATATYPE) VALUES (176,2,2,null,null,null,0,0,'integer-subset','urn:oasis:names:tc:xacml:1.0:function:integer-subset',18);
INSERT INTO XACML.FUNCTIONDEFINITION (ID,ARG_LB,ARG_UB,HO_ARG_LB,HO_ARG_UB,HO_PRIMITIVE,IS_BAG_RETURN,IS_HIGHER_ORDER,SHORT_NAME,XACML_ID,RETURN_DATATYPE) VALUES (177,2,2,null,null,null,0,0,'integer-set-equals','urn:oasis:names:tc:xacml:1.0:function:integer-set-equals',18);
INSERT INTO XACML.FUNCTIONDEFINITION (ID,ARG_LB,ARG_UB,HO_ARG_LB,HO_ARG_UB,HO_PRIMITIVE,IS_BAG_RETURN,IS_HIGHER_ORDER,SHORT_NAME,XACML_ID,RETURN_DATATYPE) VALUES (178,2,2,null,null,null,0,0,'double-at-least-one-member-of','urn:oasis:names:tc:xacml:1.0:function:double-at-least-one-member-of',18);
INSERT INTO XACML.FUNCTIONDEFINITION (ID,ARG_LB,ARG_UB,HO_ARG_LB,HO_ARG_UB,HO_PRIMITIVE,IS_BAG_RETURN,IS_HIGHER_ORDER,SHORT_NAME,XACML_ID,RETURN_DATATYPE) VALUES (179,2,-1,null,null,null,1,0,'double-union','urn:oasis:names:tc:xacml:1.0:function:double-union',25);
INSERT INTO XACML.FUNCTIONDEFINITION (ID,ARG_LB,ARG_UB,HO_ARG_LB,HO_ARG_UB,HO_PRIMITIVE,IS_BAG_RETURN,IS_HIGHER_ORDER,SHORT_NAME,XACML_ID,RETURN_DATATYPE) VALUES (180,2,2,null,null,null,0,0,'double-subset','urn:oasis:names:tc:xacml:1.0:function:double-subset',18);
INSERT INTO XACML.FUNCTIONDEFINITION (ID,ARG_LB,ARG_UB,HO_ARG_LB,HO_ARG_UB,HO_PRIMITIVE,IS_BAG_RETURN,IS_HIGHER_ORDER,SHORT_NAME,XACML_ID,RETURN_DATATYPE) VALUES (181,2,2,null,null,null,0,0,'double-set-equals','urn:oasis:names:tc:xacml:1.0:function:double-set-equals',18);
INSERT INTO XACML.FUNCTIONDEFINITION (ID,ARG_LB,ARG_UB,HO_ARG_LB,HO_ARG_UB,HO_PRIMITIVE,IS_BAG_RETURN,IS_HIGHER_ORDER,SHORT_NAME,XACML_ID,RETURN_DATATYPE) VALUES (182,2,2,null,null,null,1,0,'boolean-intersection','urn:oasis:names:tc:xacml:1.0:function:boolean-intersection',18);
INSERT INTO XACML.FUNCTIONDEFINITION (ID,ARG_LB,ARG_UB,HO_ARG_LB,HO_ARG_UB,HO_PRIMITIVE,IS_BAG_RETURN,IS_HIGHER_ORDER,SHORT_NAME,XACML_ID,RETURN_DATATYPE) VALUES (183,2,2,null,null,null,0,0,'boolean-at-least-one-member-of','urn:oasis:names:tc:xacml:1.0:function:boolean-at-least-one-member-of',18);
INSERT INTO XACML.FUNCTIONDEFINITION (ID,ARG_LB,ARG_UB,HO_ARG_LB,HO_ARG_UB,HO_PRIMITIVE,IS_BAG_RETURN,IS_HIGHER_ORDER,SHORT_NAME,XACML_ID,RETURN_DATATYPE) VALUES (184,2,-1,null,null,null,1,0,'boolean-union','urn:oasis:names:tc:xacml:1.0:function:boolean-union',18);
INSERT INTO XACML.FUNCTIONDEFINITION (ID,ARG_LB,ARG_UB,HO_ARG_LB,HO_ARG_UB,HO_PRIMITIVE,IS_BAG_RETURN,IS_HIGHER_ORDER,SHORT_NAME,XACML_ID,RETURN_DATATYPE) VALUES (185,2,2,null,null,null,0,0,'boolean-subset','urn:oasis:names:tc:xacml:1.0:function:boolean-subset',18);
INSERT INTO XACML.FUNCTIONDEFINITION (ID,ARG_LB,ARG_UB,HO_ARG_LB,HO_ARG_UB,HO_PRIMITIVE,IS_BAG_RETURN,IS_HIGHER_ORDER,SHORT_NAME,XACML_ID,RETURN_DATATYPE) VALUES (186,2,2,null,null,null,0,0,'boolean-set-equals','urn:oasis:names:tc:xacml:1.0:function:boolean-set-equals',18);
INSERT INTO XACML.FUNCTIONDEFINITION (ID,ARG_LB,ARG_UB,HO_ARG_LB,HO_ARG_UB,HO_PRIMITIVE,IS_BAG_RETURN,IS_HIGHER_ORDER,SHORT_NAME,XACML_ID,RETURN_DATATYPE) VALUES (187,2,2,null,null,null,1,0,'time-intersection','urn:oasis:names:tc:xacml:1.0:function:time-intersection',16);
INSERT INTO XACML.FUNCTIONDEFINITION (ID,ARG_LB,ARG_UB,HO_ARG_LB,HO_ARG_UB,HO_PRIMITIVE,IS_BAG_RETURN,IS_HIGHER_ORDER,SHORT_NAME,XACML_ID,RETURN_DATATYPE) VALUES (188,2,2,null,null,null,0,0,'time-at-least-one-member-of','urn:oasis:names:tc:xacml:1.0:function:time-at-least-one-member-of',18);
INSERT INTO XACML.FUNCTIONDEFINITION (ID,ARG_LB,ARG_UB,HO_ARG_LB,HO_ARG_UB,HO_PRIMITIVE,IS_BAG_RETURN,IS_HIGHER_ORDER,SHORT_NAME,XACML_ID,RETURN_DATATYPE) VALUES (189,2,-1,null,null,null,1,0,'time-union','urn:oasis:names:tc:xacml:1.0:function:time-union',16);
INSERT INTO XACML.FUNCTIONDEFINITION (ID,ARG_LB,ARG_UB,HO_ARG_LB,HO_ARG_UB,HO_PRIMITIVE,IS_BAG_RETURN,IS_HIGHER_ORDER,SHORT_NAME,XACML_ID,RETURN_DATATYPE) VALUES (190,2,2,null,null,null,0,0,'time-subset','urn:oasis:names:tc:xacml:1.0:function:time-subset',18);
INSERT INTO XACML.FUNCTIONDEFINITION (ID,ARG_LB,ARG_UB,HO_ARG_LB,HO_ARG_UB,HO_PRIMITIVE,IS_BAG_RETURN,IS_HIGHER_ORDER,SHORT_NAME,XACML_ID,RETURN_DATATYPE) VALUES (191,2,2,null,null,null,0,0,'time-set-equals','urn:oasis:names:tc:xacml:1.0:function:time-set-equals',18);
INSERT INTO XACML.FUNCTIONDEFINITION (ID,ARG_LB,ARG_UB,HO_ARG_LB,HO_ARG_UB,HO_PRIMITIVE,IS_BAG_RETURN,IS_HIGHER_ORDER,SHORT_NAME,XACML_ID,RETURN_DATATYPE) VALUES (192,2,2,null,null,null,1,0,'date-intersection','urn:oasis:names:tc:xacml:1.0:function:date-intersection',21);
INSERT INTO XACML.FUNCTIONDEFINITION (ID,ARG_LB,ARG_UB,HO_ARG_LB,HO_ARG_UB,HO_PRIMITIVE,IS_BAG_RETURN,IS_HIGHER_ORDER,SHORT_NAME,XACML_ID,RETURN_DATATYPE) VALUES (193,2,2,null,null,null,0,0,'date-at-least-one-member-of','urn:oasis:names:tc:xacml:1.0:function:date-at-least-one-member-of',18);
INSERT INTO XACML.FUNCTIONDEFINITION (ID,ARG_LB,ARG_UB,HO_ARG_LB,HO_ARG_UB,HO_PRIMITIVE,IS_BAG_RETURN,IS_HIGHER_ORDER,SHORT_NAME,XACML_ID,RETURN_DATATYPE) VALUES (194,2,-1,null,null,null,1,0,'date-union','urn:oasis:names:tc:xacml:1.0:function:date-union',21);
INSERT INTO XACML.FUNCTIONDEFINITION (ID,ARG_LB,ARG_UB,HO_ARG_LB,HO_ARG_UB,HO_PRIMITIVE,IS_BAG_RETURN,IS_HIGHER_ORDER,SHORT_NAME,XACML_ID,RETURN_DATATYPE) VALUES (195,2,2,null,null,null,0,0,'date-subset','urn:oasis:names:tc:xacml:1.0:function:date-subset',18);
INSERT INTO XACML.FUNCTIONDEFINITION (ID,ARG_LB,ARG_UB,HO_ARG_LB,HO_ARG_UB,HO_PRIMITIVE,IS_BAG_RETURN,IS_HIGHER_ORDER,SHORT_NAME,XACML_ID,RETURN_DATATYPE) VALUES (196,2,2,null,null,null,0,0,'date-set-equals','urn:oasis:names:tc:xacml:1.0:function:date-set-equals',18);
INSERT INTO XACML.FUNCTIONDEFINITION (ID,ARG_LB,ARG_UB,HO_ARG_LB,HO_ARG_UB,HO_PRIMITIVE,IS_BAG_RETURN,IS_HIGHER_ORDER,SHORT_NAME,XACML_ID,RETURN_DATATYPE) VALUES (197,2,2,null,null,null,1,0,'dateTime-intersection','urn:oasis:names:tc:xacml:1.0:function:dateTime-intersection',19);
INSERT INTO XACML.FUNCTIONDEFINITION (ID,ARG_LB,ARG_UB,HO_ARG_LB,HO_ARG_UB,HO_PRIMITIVE,IS_BAG_RETURN,IS_HIGHER_ORDER,SHORT_NAME,XACML_ID,RETURN_DATATYPE) VALUES (198,2,2,null,null,null,0,0,'dateTime-at-least-one-member-of','urn:oasis:names:tc:xacml:1.0:function:dateTime-at-least-one-member-of',18);
INSERT INTO XACML.FUNCTIONDEFINITION (ID,ARG_LB,ARG_UB,HO_ARG_LB,HO_ARG_UB,HO_PRIMITIVE,IS_BAG_RETURN,IS_HIGHER_ORDER,SHORT_NAME,XACML_ID,RETURN_DATATYPE) VALUES (199,2,-1,null,null,null,1,0,'dateTime-union','urn:oasis:names:tc:xacml:1.0:function:dateTime-union',19);
INSERT INTO XACML.FUNCTIONDEFINITION (ID,ARG_LB,ARG_UB,HO_ARG_LB,HO_ARG_UB,HO_PRIMITIVE,IS_BAG_RETURN,IS_HIGHER_ORDER,SHORT_NAME,XACML_ID,RETURN_DATATYPE) VALUES (200,2,2,null,null,null,0,0,'dateTime-subset','urn:oasis:names:tc:xacml:1.0:function:dateTime-subset',18);
INSERT INTO XACML.FUNCTIONDEFINITION (ID,ARG_LB,ARG_UB,HO_ARG_LB,HO_ARG_UB,HO_PRIMITIVE,IS_BAG_RETURN,IS_HIGHER_ORDER,SHORT_NAME,XACML_ID,RETURN_DATATYPE) VALUES (201,2,2,null,null,null,0,0,'dateTime-set-equals','urn:oasis:names:tc:xacml:1.0:function:dateTime-set-equals',18);
INSERT INTO XACML.FUNCTIONDEFINITION (ID,ARG_LB,ARG_UB,HO_ARG_LB,HO_ARG_UB,HO_PRIMITIVE,IS_BAG_RETURN,IS_HIGHER_ORDER,SHORT_NAME,XACML_ID,RETURN_DATATYPE) VALUES (202,2,2,null,null,null,1,0,'anyURI-intersection','urn:oasis:names:tc:xacml:1.0:function:anyURI-intersection',27);
INSERT INTO XACML.FUNCTIONDEFINITION (ID,ARG_LB,ARG_UB,HO_ARG_LB,HO_ARG_UB,HO_PRIMITIVE,IS_BAG_RETURN,IS_HIGHER_ORDER,SHORT_NAME,XACML_ID,RETURN_DATATYPE) VALUES (203,2,2,null,null,null,0,0,'anyURI-at-least-one-member-of','urn:oasis:names:tc:xacml:1.0:function:anyURI-at-least-one-member-of',18);
INSERT INTO XACML.FUNCTIONDEFINITION (ID,ARG_LB,ARG_UB,HO_ARG_LB,HO_ARG_UB,HO_PRIMITIVE,IS_BAG_RETURN,IS_HIGHER_ORDER,SHORT_NAME,XACML_ID,RETURN_DATATYPE) VALUES (204,2,-1,null,null,null,1,0,'anyURI-union','urn:oasis:names:tc:xacml:1.0:function:anyURI-union',27);
INSERT INTO XACML.FUNCTIONDEFINITION (ID,ARG_LB,ARG_UB,HO_ARG_LB,HO_ARG_UB,HO_PRIMITIVE,IS_BAG_RETURN,IS_HIGHER_ORDER,SHORT_NAME,XACML_ID,RETURN_DATATYPE) VALUES (205,2,2,null,null,null,0,0,'anyURI-subset','urn:oasis:names:tc:xacml:1.0:function:anyURI-subset',18);
INSERT INTO XACML.FUNCTIONDEFINITION (ID,ARG_LB,ARG_UB,HO_ARG_LB,HO_ARG_UB,HO_PRIMITIVE,IS_BAG_RETURN,IS_HIGHER_ORDER,SHORT_NAME,XACML_ID,RETURN_DATATYPE) VALUES (206,2,2,null,null,null,0,0,'anyURI-set-equals','urn:oasis:names:tc:xacml:1.0:function:anyURI-set-equals',18);
INSERT INTO XACML.FUNCTIONDEFINITION (ID,ARG_LB,ARG_UB,HO_ARG_LB,HO_ARG_UB,HO_PRIMITIVE,IS_BAG_RETURN,IS_HIGHER_ORDER,SHORT_NAME,XACML_ID,RETURN_DATATYPE) VALUES (207,2,2,null,null,null,1,0,'hexBinary-intersection','urn:oasis:names:tc:xacml:1.0:function:hexBinary-intersection',24);
INSERT INTO XACML.FUNCTIONDEFINITION (ID,ARG_LB,ARG_UB,HO_ARG_LB,HO_ARG_UB,HO_PRIMITIVE,IS_BAG_RETURN,IS_HIGHER_ORDER,SHORT_NAME,XACML_ID,RETURN_DATATYPE) VALUES (208,2,2,null,null,null,0,0,'hexBinary-at-least-one-member-of','urn:oasis:names:tc:xacml:1.0:function:hexBinary-at-least-one-member-of',18);
INSERT INTO XACML.FUNCTIONDEFINITION (ID,ARG_LB,ARG_UB,HO_ARG_LB,HO_ARG_UB,HO_PRIMITIVE,IS_BAG_RETURN,IS_HIGHER_ORDER,SHORT_NAME,XACML_ID,RETURN_DATATYPE) VALUES (209,2,-1,null,null,null,1,0,'hexBinary-union','urn:oasis:names:tc:xacml:1.0:function:hexBinary-union',24);
INSERT INTO XACML.FUNCTIONDEFINITION (ID,ARG_LB,ARG_UB,HO_ARG_LB,HO_ARG_UB,HO_PRIMITIVE,IS_BAG_RETURN,IS_HIGHER_ORDER,SHORT_NAME,XACML_ID,RETURN_DATATYPE) VALUES (210,2,2,null,null,null,0,0,'hexBinary-subset','urn:oasis:names:tc:xacml:1.0:function:hexBinary-subset',18);
INSERT INTO XACML.FUNCTIONDEFINITION (ID,ARG_LB,ARG_UB,HO_ARG_LB,HO_ARG_UB,HO_PRIMITIVE,IS_BAG_RETURN,IS_HIGHER_ORDER,SHORT_NAME,XACML_ID,RETURN_DATATYPE) VALUES (211,2,2,null,null,null,0,0,'hexBinary-set-equals','urn:oasis:names:tc:xacml:1.0:function:hexBinary-set-equals',18);
INSERT INTO XACML.FUNCTIONDEFINITION (ID,ARG_LB,ARG_UB,HO_ARG_LB,HO_ARG_UB,HO_PRIMITIVE,IS_BAG_RETURN,IS_HIGHER_ORDER,SHORT_NAME,XACML_ID,RETURN_DATATYPE) VALUES (212,2,2,null,null,null,1,0,'base64Binary-intersection','urn:oasis:names:tc:xacml:1.0:function:base64Binary-intersection',13);
INSERT INTO XACML.FUNCTIONDEFINITION (ID,ARG_LB,ARG_UB,HO_ARG_LB,HO_ARG_UB,HO_PRIMITIVE,IS_BAG_RETURN,IS_HIGHER_ORDER,SHORT_NAME,XACML_ID,RETURN_DATATYPE) VALUES (213,2,2,null,null,null,0,0,'base64Binary-at-least-one-member-of','urn:oasis:names:tc:xacml:1.0:function:base64Binary-at-least-one-member-of',18);
INSERT INTO XACML.FUNCTIONDEFINITION (ID,ARG_LB,ARG_UB,HO_ARG_LB,HO_ARG_UB,HO_PRIMITIVE,IS_BAG_RETURN,IS_HIGHER_ORDER,SHORT_NAME,XACML_ID,RETURN_DATATYPE) VALUES (214,2,-1,null,null,null,1,0,'base64Binary-union','urn:oasis:names:tc:xacml:1.0:function:base64Binary-union',13);
INSERT INTO XACML.FUNCTIONDEFINITION (ID,ARG_LB,ARG_UB,HO_ARG_LB,HO_ARG_UB,HO_PRIMITIVE,IS_BAG_RETURN,IS_HIGHER_ORDER,SHORT_NAME,XACML_ID,RETURN_DATATYPE) VALUES (215,2,2,null,null,null,0,0,'base64Binary-subset','urn:oasis:names:tc:xacml:1.0:function:base64Binary-subset',18);
INSERT INTO XACML.FUNCTIONDEFINITION (ID,ARG_LB,ARG_UB,HO_ARG_LB,HO_ARG_UB,HO_PRIMITIVE,IS_BAG_RETURN,IS_HIGHER_ORDER,SHORT_NAME,XACML_ID,RETURN_DATATYPE) VALUES (216,2,2,null,null,null,0,0,'base64Binary-set-equals','urn:oasis:names:tc:xacml:1.0:function:base64Binary-set-equals',18);
INSERT INTO XACML.FUNCTIONDEFINITION (ID,ARG_LB,ARG_UB,HO_ARG_LB,HO_ARG_UB,HO_PRIMITIVE,IS_BAG_RETURN,IS_HIGHER_ORDER,SHORT_NAME,XACML_ID,RETURN_DATATYPE) VALUES (217,2,2,null,null,null,1,0,'dayTimeDuration-intersection','urn:oasis:names:tc:xacml:3.0:function:dayTimeDuration-intersection',15);
INSERT INTO XACML.FUNCTIONDEFINITION (ID,ARG_LB,ARG_UB,HO_ARG_LB,HO_ARG_UB,HO_PRIMITIVE,IS_BAG_RETURN,IS_HIGHER_ORDER,SHORT_NAME,XACML_ID,RETURN_DATATYPE) VALUES (218,2,2,null,null,null,0,0,'dayTimeDuration-at-least-one-member-of','urn:oasis:names:tc:xacml:3.0:function:dayTimeDuration-at-least-one-member-of',18);
INSERT INTO XACML.FUNCTIONDEFINITION (ID,ARG_LB,ARG_UB,HO_ARG_LB,HO_ARG_UB,HO_PRIMITIVE,IS_BAG_RETURN,IS_HIGHER_ORDER,SHORT_NAME,XACML_ID,RETURN_DATATYPE) VALUES (219,2,-1,null,null,null,1,0,'dayTimeDuration-union','urn:oasis:names:tc:xacml:3.0:function:dayTimeDuration-union',15);
INSERT INTO XACML.FUNCTIONDEFINITION (ID,ARG_LB,ARG_UB,HO_ARG_LB,HO_ARG_UB,HO_PRIMITIVE,IS_BAG_RETURN,IS_HIGHER_ORDER,SHORT_NAME,XACML_ID,RETURN_DATATYPE) VALUES (220,2,2,null,null,null,0,0,'dayTimeDuration-subset','urn:oasis:names:tc:xacml:3.0:function:dayTimeDuration-subset',18);
INSERT INTO XACML.FUNCTIONDEFINITION (ID,ARG_LB,ARG_UB,HO_ARG_LB,HO_ARG_UB,HO_PRIMITIVE,IS_BAG_RETURN,IS_HIGHER_ORDER,SHORT_NAME,XACML_ID,RETURN_DATATYPE) VALUES (221,2,2,null,null,null,0,0,'dayTimeDuration-set-equals','urn:oasis:names:tc:xacml:3.0:function:dayTimeDuration-set-equals',18);
INSERT INTO XACML.FUNCTIONDEFINITION (ID,ARG_LB,ARG_UB,HO_ARG_LB,HO_ARG_UB,HO_PRIMITIVE,IS_BAG_RETURN,IS_HIGHER_ORDER,SHORT_NAME,XACML_ID,RETURN_DATATYPE) VALUES (222,2,2,null,null,null,1,0,'yearMonthDuration-intersection','urn:oasis:names:tc:xacml:3.0:function:yearMonthDuration-intersection',23);
INSERT INTO XACML.FUNCTIONDEFINITION (ID,ARG_LB,ARG_UB,HO_ARG_LB,HO_ARG_UB,HO_PRIMITIVE,IS_BAG_RETURN,IS_HIGHER_ORDER,SHORT_NAME,XACML_ID,RETURN_DATATYPE) VALUES (223,2,2,null,null,null,0,0,'yearMonthDuration-at-least-one-member-of','urn:oasis:names:tc:xacml:3.0:function:yearMonthDuration-at-least-one-member-of',18);
INSERT INTO XACML.FUNCTIONDEFINITION (ID,ARG_LB,ARG_UB,HO_ARG_LB,HO_ARG_UB,HO_PRIMITIVE,IS_BAG_RETURN,IS_HIGHER_ORDER,SHORT_NAME,XACML_ID,RETURN_DATATYPE) VALUES (224,2,-1,null,null,null,1,0,'yearMonthDuration-union','urn:oasis:names:tc:xacml:3.0:function:yearMonthDuration-union',23);
INSERT INTO XACML.FUNCTIONDEFINITION (ID,ARG_LB,ARG_UB,HO_ARG_LB,HO_ARG_UB,HO_PRIMITIVE,IS_BAG_RETURN,IS_HIGHER_ORDER,SHORT_NAME,XACML_ID,RETURN_DATATYPE) VALUES (225,2,2,null,null,null,0,0,'yearMonthDuration-subset','urn:oasis:names:tc:xacml:3.0:function:yearMonthDuration-subset',18);
INSERT INTO XACML.FUNCTIONDEFINITION (ID,ARG_LB,ARG_UB,HO_ARG_LB,HO_ARG_UB,HO_PRIMITIVE,IS_BAG_RETURN,IS_HIGHER_ORDER,SHORT_NAME,XACML_ID,RETURN_DATATYPE) VALUES (226,2,2,null,null,null,0,0,'yearMonthDuration-set-equals','urn:oasis:names:tc:xacml:3.0:function:yearMonthDuration-set-equals',18);
INSERT INTO XACML.FUNCTIONDEFINITION (ID,ARG_LB,ARG_UB,HO_ARG_LB,HO_ARG_UB,HO_PRIMITIVE,IS_BAG_RETURN,IS_HIGHER_ORDER,SHORT_NAME,XACML_ID,RETURN_DATATYPE) VALUES (227,2,2,null,null,null,1,0,'x500Name-intersection','urn:oasis:names:tc:xacml:1.0:function:x500Name-intersection',14);
INSERT INTO XACML.FUNCTIONDEFINITION (ID,ARG_LB,ARG_UB,HO_ARG_LB,HO_ARG_UB,HO_PRIMITIVE,IS_BAG_RETURN,IS_HIGHER_ORDER,SHORT_NAME,XACML_ID,RETURN_DATATYPE) VALUES (228,2,2,null,null,null,0,0,'x500Name-at-least-one-member-of','urn:oasis:names:tc:xacml:1.0:function:x500Name-at-least-one-member-of',18);
INSERT INTO XACML.FUNCTIONDEFINITION (ID,ARG_LB,ARG_UB,HO_ARG_LB,HO_ARG_UB,HO_PRIMITIVE,IS_BAG_RETURN,IS_HIGHER_ORDER,SHORT_NAME,XACML_ID,RETURN_DATATYPE) VALUES (229,2,-1,null,null,null,1,0,'x500Name-union','urn:oasis:names:tc:xacml:1.0:function:x500Name-union',14);
INSERT INTO XACML.FUNCTIONDEFINITION (ID,ARG_LB,ARG_UB,HO_ARG_LB,HO_ARG_UB,HO_PRIMITIVE,IS_BAG_RETURN,IS_HIGHER_ORDER,SHORT_NAME,XACML_ID,RETURN_DATATYPE) VALUES (230,2,2,null,null,null,0,0,'x500Name-subset','urn:oasis:names:tc:xacml:1.0:function:x500Name-subset',18);
INSERT INTO XACML.FUNCTIONDEFINITION (ID,ARG_LB,ARG_UB,HO_ARG_LB,HO_ARG_UB,HO_PRIMITIVE,IS_BAG_RETURN,IS_HIGHER_ORDER,SHORT_NAME,XACML_ID,RETURN_DATATYPE) VALUES (231,2,2,null,null,null,0,0,'x500Name-set-equals','urn:oasis:names:tc:xacml:1.0:function:x500Name-set-equals',18);
INSERT INTO XACML.FUNCTIONDEFINITION (ID,ARG_LB,ARG_UB,HO_ARG_LB,HO_ARG_UB,HO_PRIMITIVE,IS_BAG_RETURN,IS_HIGHER_ORDER,SHORT_NAME,XACML_ID,RETURN_DATATYPE) VALUES (232,2,2,null,null,null,1,0,'rfc822Name-intersection','urn:oasis:names:tc:xacml:1.0:function:rfc822Name-intersection',20);
INSERT INTO XACML.FUNCTIONDEFINITION (ID,ARG_LB,ARG_UB,HO_ARG_LB,HO_ARG_UB,HO_PRIMITIVE,IS_BAG_RETURN,IS_HIGHER_ORDER,SHORT_NAME,XACML_ID,RETURN_DATATYPE) VALUES (233,2,2,null,null,null,0,0,'rfc822Name-at-least-one-member-of','urn:oasis:names:tc:xacml:1.0:function:rfc822Name-at-least-one-member-of',18);
INSERT INTO XACML.FUNCTIONDEFINITION (ID,ARG_LB,ARG_UB,HO_ARG_LB,HO_ARG_UB,HO_PRIMITIVE,IS_BAG_RETURN,IS_HIGHER_ORDER,SHORT_NAME,XACML_ID,RETURN_DATATYPE) VALUES (234,2,-1,null,null,null,1,0,'rfc822Name-union','urn:oasis:names:tc:xacml:1.0:function:rfc822Name-union',20);
INSERT INTO XACML.FUNCTIONDEFINITION (ID,ARG_LB,ARG_UB,HO_ARG_LB,HO_ARG_UB,HO_PRIMITIVE,IS_BAG_RETURN,IS_HIGHER_ORDER,SHORT_NAME,XACML_ID,RETURN_DATATYPE) VALUES (235,2,2,null,null,null,0,0,'rfc822Name-subset','urn:oasis:names:tc:xacml:1.0:function:rfc822Name-subset',18);
INSERT INTO XACML.FUNCTIONDEFINITION (ID,ARG_LB,ARG_UB,HO_ARG_LB,HO_ARG_UB,HO_PRIMITIVE,IS_BAG_RETURN,IS_HIGHER_ORDER,SHORT_NAME,XACML_ID,RETURN_DATATYPE) VALUES (236,2,2,null,null,null,0,0,'rfc822Name-set-equals','urn:oasis:names:tc:xacml:1.0:function:rfc822Name-set-equals',18);
INSERT INTO XACML.FUNCTIONDEFINITION (ID,ARG_LB,ARG_UB,HO_ARG_LB,HO_ARG_UB,HO_PRIMITIVE,IS_BAG_RETURN,IS_HIGHER_ORDER,SHORT_NAME,XACML_ID,RETURN_DATATYPE) VALUES (237,2,2,null,null,null,0,0,'x500Name-match','urn:oasis:names:tc:xacml:1.0:function:x500Name-match',18);
INSERT INTO XACML.FUNCTIONDEFINITION (ID,ARG_LB,ARG_UB,HO_ARG_LB,HO_ARG_UB,HO_PRIMITIVE,IS_BAG_RETURN,IS_HIGHER_ORDER,SHORT_NAME,XACML_ID,RETURN_DATATYPE) VALUES (238,2,2,null,null,null,0,0,'rfc822Name-match','urn:oasis:names:tc:xacml:1.0:function:rfc822Name-match',18);
INSERT INTO XACML.FUNCTIONDEFINITION (ID,ARG_LB,ARG_UB,HO_ARG_LB,HO_ARG_UB,HO_PRIMITIVE,IS_BAG_RETURN,IS_HIGHER_ORDER,SHORT_NAME,XACML_ID,RETURN_DATATYPE) VALUES (239,2,2,null,null,null,1,0,'integer-intersection','urn:oasis:names:tc:xacml:1.0:function:integer-intersection',12);
INSERT INTO XACML.FUNCTIONDEFINITION (ID,ARG_LB,ARG_UB,HO_ARG_LB,HO_ARG_UB,HO_PRIMITIVE,IS_BAG_RETURN,IS_HIGHER_ORDER,SHORT_NAME,XACML_ID,RETURN_DATATYPE) VALUES (240,2,2,null,null,null,1,0,'double-intersection','urn:oasis:names:tc:xacml:1.0:function:double-intersection',25);
INSERT INTO XACML.FUNCTIONDEFINITION (ID,ARG_LB,ARG_UB,HO_ARG_LB,HO_ARG_UB,HO_PRIMITIVE,IS_BAG_RETURN,IS_HIGHER_ORDER,SHORT_NAME,XACML_ID,RETURN_DATATYPE) VALUES (241,0,-1,null,null,null,0,0,'or','urn:oasis:names:tc:xacml:1.0:function:or',18);
INSERT INTO XACML.FUNCTIONDEFINITION (ID,ARG_LB,ARG_UB,HO_ARG_LB,HO_ARG_UB,HO_PRIMITIVE,IS_BAG_RETURN,IS_HIGHER_ORDER,SHORT_NAME,XACML_ID,RETURN_DATATYPE) VALUES (242,0,-1,null,null,null,0,0,'and','urn:oasis:names:tc:xacml:1.0:function:and',18);
INSERT INTO XACML.FUNCTIONDEFINITION (ID,ARG_LB,ARG_UB,HO_ARG_LB,HO_ARG_UB,HO_PRIMITIVE,IS_BAG_RETURN,IS_HIGHER_ORDER,SHORT_NAME,XACML_ID,RETURN_DATATYPE) VALUES (243,2,-1,null,null,null,0,0,'n-of','urn:oasis:names:tc:xacml:1.0:function:n-of',18);
INSERT INTO XACML.FUNCTIONDEFINITION (ID,ARG_LB,ARG_UB,HO_ARG_LB,HO_ARG_UB,HO_PRIMITIVE,IS_BAG_RETURN,IS_HIGHER_ORDER,SHORT_NAME,XACML_ID,RETURN_DATATYPE) VALUES (244,1,1,null,null,null,0,0,'not','urn:oasis:names:tc:xacml:1.0:function:not',18);
INSERT INTO XACML.FUNCTIONDEFINITION (ID,ARG_LB,ARG_UB,HO_ARG_LB,HO_ARG_UB,HO_PRIMITIVE,IS_BAG_RETURN,IS_HIGHER_ORDER,SHORT_NAME,XACML_ID,RETURN_DATATYPE) VALUES (245,2,-1,1,-1,'1',0,1,'any-of','urn:oasis:names:tc:xacml:3.0:function:any-of',18);
INSERT INTO XACML.FUNCTIONDEFINITION (ID,ARG_LB,ARG_UB,HO_ARG_LB,HO_ARG_UB,HO_PRIMITIVE,IS_BAG_RETURN,IS_HIGHER_ORDER,SHORT_NAME,XACML_ID,RETURN_DATATYPE) VALUES (246,2,-1,1,-1,'1',0,1,'all-of','urn:oasis:names:tc:xacml:3.0:function:all-of',18);
INSERT INTO XACML.FUNCTIONDEFINITION (ID,ARG_LB,ARG_UB,HO_ARG_LB,HO_ARG_UB,HO_PRIMITIVE,IS_BAG_RETURN,IS_HIGHER_ORDER,SHORT_NAME,XACML_ID,RETURN_DATATYPE) VALUES (247,2,-1,1,-1,'0',0,1,'any-of-any','urn:oasis:names:tc:xacml:3.0:function:any-of-any',18);
INSERT INTO XACML.FUNCTIONDEFINITION (ID,ARG_LB,ARG_UB,HO_ARG_LB,HO_ARG_UB,HO_PRIMITIVE,IS_BAG_RETURN,IS_HIGHER_ORDER,SHORT_NAME,XACML_ID,RETURN_DATATYPE) VALUES (248,3,3,2,2,'1',0,1,'all-of-any','urn:oasis:names:tc:xacml:1.0:function:all-of-any',18);
INSERT INTO XACML.FUNCTIONDEFINITION (ID,ARG_LB,ARG_UB,HO_ARG_LB,HO_ARG_UB,HO_PRIMITIVE,IS_BAG_RETURN,IS_HIGHER_ORDER,SHORT_NAME,XACML_ID,RETURN_DATATYPE) VALUES (249,3,3,2,2,'1',0,1,'any-of-all','urn:oasis:names:tc:xacml:1.0:function:any-of-all',18);
INSERT INTO XACML.FUNCTIONDEFINITION (ID,ARG_LB,ARG_UB,HO_ARG_LB,HO_ARG_UB,HO_PRIMITIVE,IS_BAG_RETURN,IS_HIGHER_ORDER,SHORT_NAME,XACML_ID,RETURN_DATATYPE) VALUES (250,3,3,2,2,'1',0,1,'all-of-all','urn:oasis:names:tc:xacml:1.0:function:all-of-all',18);
INSERT INTO XACML.FUNCTIONDEFINITION (ID,ARG_LB,ARG_UB,HO_ARG_LB,HO_ARG_UB,HO_PRIMITIVE,IS_BAG_RETURN,IS_HIGHER_ORDER,SHORT_NAME,XACML_ID,RETURN_DATATYPE) VALUES (251,2,-1,1,-1,'1',1,1,'map','urn:oasis:names:tc:xacml:3.0:function:map',null);
INSERT INTO XACML.FUNCTIONDEFINITION (ID,ARG_LB,ARG_UB,HO_ARG_LB,HO_ARG_UB,HO_PRIMITIVE,IS_BAG_RETURN,IS_HIGHER_ORDER,SHORT_NAME,XACML_ID,RETURN_DATATYPE) VALUES (252,1,1,null,null,null,0,0,'xpath-node-count','urn:oasis:names:tc:xacml:3.0:function:xpath-node-count',12);
INSERT INTO XACML.FUNCTIONDEFINITION (ID,ARG_LB,ARG_UB,HO_ARG_LB,HO_ARG_UB,HO_PRIMITIVE,IS_BAG_RETURN,IS_HIGHER_ORDER,SHORT_NAME,XACML_ID,RETURN_DATATYPE) VALUES (253,2,2,null,null,null,0,0,'xpath-node-equal','urn:oasis:names:tc:xacml:3.0:function:xpath-node-equal',18);
INSERT INTO XACML.FUNCTIONDEFINITION (ID,ARG_LB,ARG_UB,HO_ARG_LB,HO_ARG_UB,HO_PRIMITIVE,IS_BAG_RETURN,IS_HIGHER_ORDER,SHORT_NAME,XACML_ID,RETURN_DATATYPE) VALUES (254,2,2,null,null,null,0,0,'xpath-node-match','urn:oasis:names:tc:xacml:3.0:function:xpath-node-match',18);


INSERT INTO XACML.GLOBALROLESETTINGS (ROLE,LOCKDOWN) VALUES ('super-admin',0);


INSERT INTO XACML.PIPCONFIGPARAMS (ID,PARAM_DEFAULT,PARAM_NAME,PARAM_VALUE,REQUIRED,PIP_ID) VALUES (1711,null,'type','jdbc','0',1709);
INSERT INTO XACML.PIPCONFIGPARAMS (ID,PARAM_DEFAULT,PARAM_NAME,PARAM_VALUE,REQUIRED,PIP_ID) VALUES (1712,null,'jdbc.url','jdbc:h2:file:/','0',1709);
INSERT INTO XACML.PIPCONFIGPARAMS (ID,PARAM_DEFAULT,PARAM_NAME,PARAM_VALUE,REQUIRED,PIP_ID) VALUES (1713,null,'jdbc.driver','org.h2.Driver','0',1709);
INSERT INTO XACML.PIPCONFIGPARAMS (ID,PARAM_DEFAULT,PARAM_NAME,PARAM_VALUE,REQUIRED,PIP_ID) VALUES (1714,null,'jdbc.conn.password','smil3yfc','0',1709);








INSERT INTO XACML.PIPTYPE (ID,TYPE) VALUES (500,'SQL');
INSERT INTO XACML.PIPTYPE (ID,TYPE) VALUES (501,'LDAP');
INSERT INTO XACML.PIPTYPE (ID,TYPE) VALUES (502,'CSV');
INSERT INTO XACML.PIPTYPE (ID,TYPE) VALUES (503,'Hyper-CSV');
INSERT INTO XACML.PIPTYPE (ID,TYPE) VALUES (504,'Custom');


INSERT INTO XACML.POLICYALGORITHMS (ID,IS_STANDARD,SHORT_NAME,XACML_ID) VALUES (29,'S','ordered-deny-overrides','urn:oasis:names:tc:xacml:3.0:policy-combining-algorithm:ordered-deny-overrides');
INSERT INTO XACML.POLICYALGORITHMS (ID,IS_STANDARD,SHORT_NAME,XACML_ID) VALUES (30,'S','on-permit-apply-second','urn:oasis:names:tc:xacml:3.0:policy-combining-algorithm:on-permit-apply-second');
INSERT INTO XACML.POLICYALGORITHMS (ID,IS_STANDARD,SHORT_NAME,XACML_ID) VALUES (31,'S','deny-overrides','urn:oasis:names:tc:xacml:3.0:policy-combining-algorithm:deny-overrides');
INSERT INTO XACML.POLICYALGORITHMS (ID,IS_STANDARD,SHORT_NAME,XACML_ID) VALUES (32,'S','permit-unless-deny','urn:oasis:names:tc:xacml:3.0:policy-combining-algorithm:permit-unless-deny');
INSERT INTO XACML.POLICYALGORITHMS (ID,IS_STANDARD,SHORT_NAME,XACML_ID) VALUES (33,'S','deny-unless-permit','urn:oasis:names:tc:xacml:3.0:policy-combining-algorithm:deny-unless-permit');
INSERT INTO XACML.POLICYALGORITHMS (ID,IS_STANDARD,SHORT_NAME,XACML_ID) VALUES (34,'S','permit-overrides','urn:oasis:names:tc:xacml:3.0:policy-combining-algorithm:permit-overrides');
INSERT INTO XACML.POLICYALGORITHMS (ID,IS_STANDARD,SHORT_NAME,XACML_ID) VALUES (35,'S','only-one-applicable','urn:oasis:names:tc:xacml:1.0:policy-combining-algorithm:only-one-applicable');
INSERT INTO XACML.POLICYALGORITHMS (ID,IS_STANDARD,SHORT_NAME,XACML_ID) VALUES (36,'S','first-applicable','urn:oasis:names:tc:xacml:1.0:policy-combining-algorithm:first-applicable');
INSERT INTO XACML.POLICYALGORITHMS (ID,IS_STANDARD,SHORT_NAME,XACML_ID) VALUES (37,'S','ordered-permit-overrides','urn:oasis:names:tc:xacml:3.0:policy-combining-algorithm:ordered-permit-overrides');






INSERT INTO XACML.RULEALGORITHMS (ID,IS_STANDARD,SHORT_NAME,XACML_ID) VALUES (38,'S','permit-unless-deny','urn:oasis:names:tc:xacml:3.0:rule-combining-algorithm:permit-unless-deny');
INSERT INTO XACML.RULEALGORITHMS (ID,IS_STANDARD,SHORT_NAME,XACML_ID) VALUES (39,'S','permit-overrides','urn:oasis:names:tc:xacml:3.0:rule-combining-algorithm:permit-overrides');
INSERT INTO XACML.RULEALGORITHMS (ID,IS_STANDARD,SHORT_NAME,XACML_ID) VALUES (40,'S','deny-overrides','urn:oasis:names:tc:xacml:3.0:rule-combining-algorithm:deny-overrides');
INSERT INTO XACML.RULEALGORITHMS (ID,IS_STANDARD,SHORT_NAME,XACML_ID) VALUES (41,'S','ordered-permit-overrides','urn:oasis:names:tc:xacml:3.0:rule-combining-algorithm:ordered-permit-overrides');
INSERT INTO XACML.RULEALGORITHMS (ID,IS_STANDARD,SHORT_NAME,XACML_ID) VALUES (42,'S','deny-unless-permit','urn:oasis:names:tc:xacml:3.0:rule-combining-algorithm:deny-unless-permit');
INSERT INTO XACML.RULEALGORITHMS (ID,IS_STANDARD,SHORT_NAME,XACML_ID) VALUES (43,'S','ordered-deny-overrides','urn:oasis:names:tc:xacml:3.0:rule-combining-algorithm:ordered-deny-overrides');
INSERT INTO XACML.RULEALGORITHMS (ID,IS_STANDARD,SHORT_NAME,XACML_ID) VALUES (44,'S','only-one-applicable','urn:oasis:names:tc:xacml:1.0:rule-combining-algorithm:only-one-applicable');
INSERT INTO XACML.RULEALGORITHMS (ID,IS_STANDARD,SHORT_NAME,XACML_ID) VALUES (45,'S','first-applicable','urn:oasis:names:tc:xacml:1.0:rule-combining-algorithm:first-applicable');


INSERT INTO XACML.SEQUENCE (SEQ_NAME,SEQ_COUNT) VALUES ('SEQ_GEN',3050);



ALTER TABLE XACML.AttributeAssignment ADD CONSTRAINT FK_AttributeAssignment_OBADVICE_id 
FOREIGN KEY (OBADVICE_id) REFERENCES XACML.Obadvice (id);
ALTER TABLE XACML.PIPResolverParams ADD CONSTRAINT FK_PIPResolverParams_ID_RESOLVER 
FOREIGN KEY (ID_RESOLVER) REFERENCES XACML.PIPResolver (id);
ALTER TABLE XACML.Attribute ADD CONSTRAINT FK_Attribute_category 
FOREIGN KEY (category) REFERENCES XACML.Category (id);
ALTER TABLE XACML.Attribute ADD CONSTRAINT FK_Attribute_constraint_type 
FOREIGN KEY (constraint_type) REFERENCES XACML.ConstraintType (id);
ALTER TABLE XACML.Attribute ADD CONSTRAINT FK_Attribute_datatype 
FOREIGN KEY (datatype) REFERENCES XACML.Datatype (id);
ALTER TABLE XACML.FunctionArguments ADD CONSTRAINT FK_FunctionArguments_function_id 
FOREIGN KEY (function_id) REFERENCES XACML.FunctionDefinition (id);
ALTER TABLE XACML.FunctionArguments ADD CONSTRAINT FK_FunctionArguments_datatype_id 
FOREIGN KEY (datatype_id) REFERENCES XACML.Datatype (id);
ALTER TABLE XACML.ObadviceExpressions ADD CONSTRAINT FK_ObadviceExpressions_obadvice_id 
FOREIGN KEY (obadvice_id) REFERENCES XACML.Obadvice (id);
ALTER TABLE XACML.ObadviceExpressions ADD CONSTRAINT FK_ObadviceExpressions_attribute_id 
FOREIGN KEY (attribute_id) REFERENCES XACML.Attribute (id);
ALTER TABLE XACML.ConstraintValues ADD CONSTRAINT FK_ConstraintValues_attribute_id 
FOREIGN KEY (attribute_id) REFERENCES XACML.Attribute (id);
ALTER TABLE XACML.DecisionSettings ADD CONSTRAINT FK_DecisionSettings_datatype 
FOREIGN KEY (datatype) REFERENCES XACML.Datatype (id);
ALTER TABLE XACML.PIPConfiguration ADD CONSTRAINT FK_PIPConfiguration_TYPE 
FOREIGN KEY (TYPE) REFERENCES XACML.PIPType (id);

ALTER TABLE FunctionDefinition ADD CONSTRAINT FK_FunctionDefinition_return_datatype 
FOREIGN KEY (return_datatype) REFERENCES XACML.Datatype (id);
ALTER TABLE PIPResolver ADD CONSTRAINT FK_PIPResolver_PIP_ID 
FOREIGN KEY (PIP_ID) REFERENCES XACML.PIPConfiguration (id);
ALTER TABLE PIPConfigParams ADD CONSTRAINT FK_PIPConfigParams_PIP_ID 
FOREIGN KEY (PIP_ID) REFERENCES XACML.PIPConfiguration (id);

ALTER TABLE XACML.PolicyEntity ADD CONSTRAINT UNQ_PolicyEntity_0 UNIQUE (policyName, scope, deleted);
ALTER TABLE XACML.PolicyEntity ADD CONSTRAINT FK_PolicyEntity_configurationDataId FOREIGN KEY (configurationDataId) 
 REFERENCES XACML.ConfigurationDataEntity (configurationDataId);
